{"model":{"version":3,"nodes":[{"name":"RootNode","position":[0,0,0],"rotation":[0,0,0],"scale":[1,1,1],"scaleCompensation":false},{"name":"Shower_Speakers_Square_02","position":[-1.87531,3.41373,1.58151],"rotation":[2.50448e-06,90,0],"scale":[0.763592,0.763592,0.763592],"scaleCompensation":false}],"parents":[-1,0],"skins":[],"morphs":[],"vertices":[{"position":{"type":"float32","components":3,"data":[0.18,0.18,0.0372795,-0.18,0.18,0.0372795,-0.18,-0.18,0.0372795,0.18,-0.18,0.0372795,2.76188,0.18,0.0372795,2.40188,0.18,0.0372795,2.40188,-0.18,0.0372795,2.76188,-0.18,0.0372795,0.25,-0.25,0,-0.25,-0.25,0,0.25,0.25,0,-0.25,0.25,0,0.25,-0.25,0.0372795,-0.25,-0.25,0.0372795,-0.25,-0.25,0,0.25,-0.25,0,0.25,0.25,0.0372795,0.25,-0.25,0.0372795,0.25,-0.25,0,0.25,0.25,0,-0.25,0.25,0.0372795,0.25,0.25,0.0372795,0.25,0.25,0,-0.25,0.25,0,-0.25,-0.25,0.0372795,-0.25,0.25,0.0372795,-0.25,0.25,0,-0.25,-0.25,0,-0.25,-0.25,0.0472795,0.25,-0.25,0.0472795,0.18,-0.18,0.0472795,-0.18,-0.18,0.0472795,0.25,0.25,0.0472795,0.18,0.18,0.0472795,-0.25,0.25,0.0472795,-0.18,0.18,0.0472795,0.25,-0.25,0.0472795,-0.25,-0.25,0.0472795,-0.25,-0.25,0.0372795,0.25,-0.25,0.0372795,0.25,0.25,0.0472795,0.25,-0.25,0.0472795,0.25,-0.25,0.0372795,-0.25,0.25,0.0472795,0.25,0.25,0.0472795,0.25,0.25,0.0372795,-0.25,0.25,0.0372795,-0.25,-0.25,0.0472795,-0.25,0.25,0.0472795,-0.25,-0.25,0.0372795,-0.18,-0.18,0.0472795,0.18,-0.18,0.0472795,0.18,-0.18,0.0372795,-0.18,-0.18,0.0372795,-0.18,0.18,0.0472795,-0.18,-0.18,0.0472795,-0.18,-0.18,0.0372795,-0.18,0.18,0.0372795,0.18,0.18,0.0472795,-0.18,0.18,0.0472795,-0.18,0.18,0.0372795,0.18,0.18,0.0372795,0.18,-0.18,0.0472795,0.18,0.18,0.0472795,0.18,0.18,0.0372795,0.18,-0.18,0.0372795,2.83188,-0.25,0,2.33188,-0.25,0,2.83188,0.25,0,2.33188,0.25,0,2.83188,-0.25,0.0372795,2.33188,-0.25,0.0372795,2.33188,-0.25,0,2.83188,-0.25,0,2.83188,0.25,0.0372795,2.83188,-0.25,0.0372795,2.83188,-0.25,0,2.83188,0.25,0,2.33188,0.25,0.0372795,2.83188,0.25,0.0372795,2.83188,0.25,0,2.33188,0.25,0,2.33188,-0.25,0.0372795,2.33188,0.25,0.0372795,2.33188,0.25,0,2.33188,-0.25,0,2.33188,-0.25,0.0472795,2.83188,-0.25,0.0472795,2.76188,-0.18,0.0472795,2.40188,-0.18,0.0472795,2.83188,0.25,0.0472795,2.76188,0.18,0.0472795,2.40188,0.18,0.0472795,2.33188,0.25,0.0472795,2.83188,-0.25,0.0472795,2.33188,-0.25,0.0472795,2.33188,-0.25,0.0372795,2.83188,-0.25,0.0372795,2.83188,0.25,0.0472795,2.83188,-0.25,0.0472795,2.83188,-0.25,0.0372795,2.33188,0.25,0.0472795,2.83188,0.25,0.0472795,2.83188,0.25,0.0372795,2.33188,0.25,0.0372795,2.33188,-0.25,0.0472795,2.33188,0.25,0.0472795,2.33188,-0.25,0.0372795,2.40188,-0.18,0.0472795,2.76188,-0.18,0.0472795,2.76188,-0.18,0.0372795,2.40188,-0.18,0.0372795,2.40188,0.18,0.0472795,2.40188,-0.18,0.0472795,2.40188,-0.18,0.0372795,2.40188,0.18,0.0372795,2.76188,0.18,0.0472795,2.40188,0.18,0.0472795,2.40188,0.18,0.0372795,2.76188,0.18,0.0372795,2.76188,-0.18,0.0472795,2.76188,0.18,0.0472795,2.76188,0.18,0.0372795,2.76188,-0.18,0.0372795]},"normal":{"type":"float32","components":3,"data":[0,0,1,0,0,1,0,0,1,0,0,1,0,0,1,0,0,1,0,0,1,0,0,1,0,0,-1,0,0,-1,0,0,-1,0,0,-1,0,-1,0,0,-1,0,0,-1,0,0,-1,0,1,0,0,1,0,0,1,0,0,1,0,0,0,1,0,0,1,0,0,1,0,0,1,0,-1,0,0,-1,0,0,-1,0,0,-1,0,0,0,0,1,0,0,1,0,0,1,0,0,1,0,0,1,0,0,1,0,0,1,0,0,1,0,-1,0,0,-1,0,0,-1,0,0,-1,0,1,0,0,1,0,0,1,0,0,0,1,0,0,1,0,0,1,0,0,1,0,-1,0,0,-1,0,0,-1,0,0,0,1,0,0,1,0,0,1,0,0,1,0,1,0,0,1,0,0,1,0,0,1,0,0,0,-1,0,0,-1,0,0,-1,0,0,-1,0,-1,0,0,-1,0,0,-1,0,0,-1,0,0,0,0,-1,0,0,-1,0,0,-1,0,0,-1,0,-1,0,0,-1,0,0,-1,0,0,-1,0,1,0,0,1,0,0,1,0,0,1,0,0,0,1,0,0,1,0,0,1,0,0,1,0,-1,0,0,-1,0,0,-1,0,0,-1,0,0,0,0,1,0,0,1,0,0,1,0,0,1,0,0,1,0,0,1,0,0,1,0,0,1,0,-1,0,0,-1,0,0,-1,0,0,-1,0,1,0,0,1,0,0,1,0,0,0,1,0,0,1,0,0,1,0,0,1,0,-1,0,0,-1,0,0,-1,0,0,0,1,0,0,1,0,0,1,0,0,1,0,1,0,0,1,0,0,1,0,0,1,0,0,0,-1,0,0,-1,0,0,-1,0,0,-1,0,-1,0,0,-1,0,0,-1,0,0,-1,0,0]},"texCoord0":{"type":"float32","components":2,"data":[1,1,2.38419e-07,1,0,2.38419e-07,1,0,1,1,2.38419e-07,1,0,2.38419e-07,1,0,0,0,1,0,0,1,1,1,1,1,0,1,0,0,1,0,1,1,0,1,0,0,1,0,1,1,0,1,0,0,1,0,1,1,0,1,0,0,1,0,0,0,1,0,1,0,0,0,1,1,1,1,0,1,0,1,1,0,0,0,0,0,1,0,1,1,1,0,1,0,0,1,1,1,1,1,0,1,0,0,0,1,0,0,0,0,1,0,1,0,0,0,0,1,0,0,0,0,0,1,1,1,0,1,0,1,1,1,1,0,1,1,1,1,1,0,0,0,1,0,0,1,1,1,1,1,0,1,0,0,1,0,1,1,0,1,0,0,1,0,1,1,0,1,0,0,1,0,1,1,0,1,0,0,1,0,0,0,1,0,1,0,0,0,1,1,1,1,0,1,0,1,1,0,0,0,0,0,1,0,1,1,1,0,1,0,0,1,1,1,1,1,0,1,0,0,0,1,0,0,0,0,1,0,1,0,0,0,0,1,0,0,0,0,0,1,1,1,0,1,0,1,1,1,1,0,1,1,1,1,1,0]},"texCoord1":{"type":"float32","components":2,"data":[0.904542,0.239746,0.665796,0.239746,0.665796,0.001,0.904542,0.001,0.333398,0.333398,0.572144,0.333398,0.572144,0.572144,0.333398,0.572144,0.332592,0.66499,0.001,0.66499,0.332592,0.333398,0.001,0.333398,0.333398,0.614967,0.66499,0.614967,0.66499,0.63969,0.333398,0.63969,0.333398,0.581194,0.66499,0.581194,0.66499,0.605917,0.333398,0.605917,0.667408,0.614967,0.999,0.614967,0.999,0.63969,0.667408,0.63969,0.333398,0.64874,0.66499,0.64874,0.66499,0.673463,0.333398,0.673463,0.001,0.001,0.332592,0.001,0.286169,0.0474229,0.0474229,0.0474229,0.332592,0.332592,0.286169,0.286169,0.001,0.332592,0.0474229,0.286169,0.333398,0.608335,0.66499,0.608335,0.66499,0.614967,0.333398,0.614967,0.333398,0.574562,0.66499,0.574562,0.66499,0.581194,0.667408,0.608335,0.999,0.608335,0.999,0.614967,0.667408,0.614967,0.333398,0.642108,0.66499,0.642108,0.333398,0.64874,0.333398,0.684931,0.572144,0.684931,0.572144,0.691563,0.333398,0.691563,0.574562,0.434717,0.813309,0.434717,0.813309,0.441349,0.574562,0.441349,0.667408,0.651158,0.906154,0.651158,0.906154,0.65779,0.667408,0.65779,0.574562,0.443767,0.813309,0.443767,0.813309,0.450399,0.574562,0.450399,0.332592,0.997388,0.001,0.997388,0.332592,0.665796,0.001,0.665796,0.574562,0.407576,0.906154,0.407576,0.906154,0.432299,0.574562,0.432299,0.667408,0.581194,0.999,0.581194,0.999,0.605917,0.667408,0.605917,0.574562,0.34003,0.906154,0.34003,0.906154,0.364753,0.574562,0.364753,0.574562,0.373803,0.906154,0.373803,0.906154,0.398526,0.574562,0.398526,0.333398,0.001,0.66499,0.001,0.618567,0.0474229,0.379821,0.0474229,0.66499,0.332592,0.618567,0.286169,0.379821,0.286169,0.333398,0.332592,0.574562,0.400944,0.906154,0.400944,0.906154,0.407576,0.574562,0.407576,0.667408,0.574562,0.999,0.574562,0.999,0.581194,0.574562,0.333398,0.906154,0.333398,0.906154,0.34003,0.574562,0.34003,0.574562,0.367171,0.906154,0.367171,0.574562,0.373803,0.333398,0.675882,0.572144,0.675882,0.572144,0.682513,0.333398,0.682513,0.574562,0.675882,0.813309,0.675882,0.813309,0.682513,0.574562,0.682513,0.667408,0.642108,0.906154,0.642108,0.906154,0.64874,0.667408,0.64874,0.333398,0.693981,0.572144,0.693981,0.572144,0.700613,0.333398,0.700613]}}],"meshes":[{"aabb":{"min":[-0.25,-0.25,0],"max":[2.83188,0.25,0.0472795]},"vertices":0,"indices":[0,1,2,0,2,3,4,5,6,4,6,7,8,9,10,9,11,10,12,13,14,12,14,15,16,17,18,16,18,19,20,21,22,20,22,23,24,25,26,24,26,27,28,29,30,28,30,31,29,32,33,29,33,30,32,34,35,32,35,33,34,28,31,34,31,35,36,37,38,36,38,39,40,41,42,40,42,16,43,44,45,43,45,46,47,48,25,47,25,49,50,51,52,50,52,53,54,55,56,54,56,57,58,59,60,58,60,61,62,63,64,62,64,65,66,67,68,67,69,68,70,71,72,70,72,73,74,75,76,74,76,77,78,79,80,78,80,81,82,83,84,82,84,85,86,87,88,86,88,89,87,90,91,87,91,88,92,90,93,90,92,91,93,86,89,93,89,92,94,95,96,94,96,97,98,99,100,98,100,74,101,102,103,101,103,104,105,106,83,105,83,107,108,109,110,108,110,111,112,113,114,112,114,115,116,117,118,116,118,119,120,121,122,120,122,123],"type":"triangles","base":0,"count":216}],"meshInstances":[{"node":1,"mesh":0}]}}