{"model":{"version":3,"nodes":[{"name":"RootNode","position":[0,0,0],"rotation":[0,0,0],"scale":[1,1,1],"scaleCompensation":false},{"name":"MT_Contemporary_02","position":[-1.87786,2.10799,2.31357],"rotation":[-90,90,0],"scale":[1,1,1],"scaleCompensation":false},{"name":"MT_Contemporary_01","position":[-1.87786,2.10799,2.31357],"rotation":[-90,90,0],"scale":[1,1,1],"scaleCompensation":false}],"parents":[-1,0,0],"skins":[],"morphs":[],"vertices":[{"position":{"type":"float32","components":3,"data":[0.0661555,-0.0308608,0.0240786,0.0704012,-0.0308608,-4.10936e-09,0.0704012,0,0,0.0661555,-3.20626e-09,0.0240786,0.0539304,-0.0308608,0.045253,0.0539304,-6.0258e-09,0.045253,0.0352006,-0.0308608,0.0609692,0.0539304,-0.0308608,0.045253,0.0539304,-6.0258e-09,0.045253,0.0352006,-8.11854e-09,0.0609692,0.012225,-0.0308608,0.0693316,0.012225,-9.23207e-09,0.0693316,-0.012225,-0.0308608,0.0693316,0.012225,-0.0308608,0.0693316,0.012225,-9.23207e-09,0.0693316,-0.012225,-9.23207e-09,0.0693316,-0.0352006,-0.0308608,0.0609692,-0.0352006,-8.11854e-09,0.0609692,-0.0539304,-0.0308608,0.045253,-0.0539304,-6.0258e-09,0.045253,-0.0661555,-0.0308608,0.0240786,-0.0539304,-0.0308608,0.045253,-0.0539304,-6.0258e-09,0.045253,-0.0661555,-3.20626e-09,0.0240786,-0.0704012,-0.0308608,6.52092e-09,-0.0704012,-1.41551e-15,1.06303e-08,-0.0661555,-0.0308608,-0.0240786,-0.0661555,3.20626e-09,-0.0240786,-0.0539305,-0.0308608,-0.045253,-0.0539305,6.0258e-09,-0.045253,-0.0352006,-0.0308608,-0.0609692,-0.0539305,-0.0308608,-0.045253,-0.0539305,6.0258e-09,-0.045253,-0.0352006,8.11854e-09,-0.0609692,-0.0122251,-0.0308608,-0.0693316,-0.0122251,9.23207e-09,-0.0693316,0.012225,-0.0308608,-0.0693317,0.012225,9.23207e-09,-0.0693316,0.0352006,-0.0308608,-0.0609692,0.0352006,8.11855e-09,-0.0609692,0.0539304,-0.0308608,-0.0452531,0.0539304,6.02581e-09,-0.0452531,0.0661555,-0.0308608,-0.0240787,0.0539304,-0.0308608,-0.0452531,0.0539304,6.02581e-09,-0.0452531,0.0661555,3.20627e-09,-0.0240787,0.0704012,-0.0308608,-4.10936e-09,0.0615544,-0.0308608,0.022404,0.0655048,-0.0308608,-2.81283e-09,0.0661555,-0.0308608,0.0240786,0.0539304,-0.0308608,0.045253,0.0501796,-0.0308608,0.0421057,0.0327524,-0.0308608,0.0567288,0.0352006,-0.0308608,0.0609692,0.012225,-0.0308608,0.0693316,0.0113748,-0.0308608,0.0645096,-0.0113748,-0.0308608,0.0645096,-0.012225,-0.0308608,0.0693316,-0.0352006,-0.0308608,0.0609692,-0.0113748,-0.0308608,0.0645096,-0.0327524,-0.0308608,0.0567288,-0.0327524,-0.0308608,0.0567288,-0.0539304,-0.0308608,0.045253,-0.0501796,-0.0308608,0.0421057,-0.0661555,-0.0308608,0.0240786,-0.0615544,-0.0308608,0.022404,-0.0615544,-0.0308608,0.022404,-0.0704012,-0.0308608,6.52092e-09,-0.0655048,-0.0308608,6.40979e-09,-0.0615544,-0.0308608,-0.022404,-0.0661555,-0.0308608,-0.0240786,-0.0501796,-0.0308608,-0.0421057,-0.0539305,-0.0308608,-0.045253,-0.0352006,-0.0308608,-0.0609692,-0.0327524,-0.0308608,-0.0567288,-0.0122251,-0.0308608,-0.0693316,-0.0113748,-0.0308608,-0.0645096,0.0113748,-0.0308608,-0.0645097,-0.0113748,-0.0308608,-0.0645096,0.012225,-0.0308608,-0.0693317,0.0327524,-0.0308608,-0.0567289,0.0352006,-0.0308608,-0.0609692,0.0501796,-0.0308608,-0.0421057,0.0539304,-0.0308608,-0.0452531,0.0661555,-0.0308608,-0.0240787,0.0615544,-0.0308608,-0.022404,0.0615544,-0.0308608,-0.022404,0.0655048,-0.0308608,-2.81283e-09]},"normal":{"type":"float32","components":3,"data":[0.939693,-4.55427e-08,0.34202,1,3.46322e-14,-2.60083e-07,1,3.46322e-14,-2.60083e-07,0.939693,-4.55427e-08,0.34202,0.766044,-8.55924e-08,0.642788,0.766044,-8.55924e-08,0.642788,0.5,-1.15318e-07,0.866025,0.766044,-8.55924e-08,0.642788,0.766044,-8.55924e-08,0.642788,0.5,-1.15318e-07,0.866025,0.173648,-1.31135e-07,0.984808,0.173648,-1.31135e-07,0.984808,-0.173648,-1.31135e-07,0.984808,0.173648,-1.31135e-07,0.984808,0.173648,-1.31135e-07,0.984808,-0.173648,-1.31135e-07,0.984808,-0.5,-1.15318e-07,0.866025,-0.5,-1.15318e-07,0.866025,-0.766044,-8.55924e-08,0.642788,-0.766044,-8.55924e-08,0.642788,-0.939693,-4.55427e-08,0.34202,-0.766044,-8.55924e-08,0.642788,-0.766044,-8.55924e-08,0.642788,-0.939693,-4.55427e-08,0.34202,-1,0,0,-1,0,0,-0.939693,4.55427e-08,-0.34202,-0.939693,4.55427e-08,-0.34202,-0.766045,8.55923e-08,-0.642787,-0.766045,8.55923e-08,-0.642787,-0.5,1.15318e-07,-0.866025,-0.766045,8.55923e-08,-0.642787,-0.766045,8.55923e-08,-0.642787,-0.5,1.15318e-07,-0.866025,-0.173649,1.31135e-07,-0.984808,-0.173649,1.31135e-07,-0.984808,0.173648,1.31135e-07,-0.984808,0.173648,1.31135e-07,-0.984808,0.499999,1.15318e-07,-0.866026,0.499999,1.15318e-07,-0.866026,0.766044,8.55924e-08,-0.642788,0.766044,8.55924e-08,-0.642788,0.939692,4.55428e-08,-0.342021,0.766044,8.55924e-08,-0.642788,0.766044,8.55924e-08,-0.642788,0.939692,4.55428e-08,-0.342021,0,-1,-1.33158e-07,0,-1,-1.33158e-07,0,-1,-1.33158e-07,0,-1,-1.33158e-07,0,-1,-1.33158e-07,0,-1,-1.33158e-07,0,-1,-1.33158e-07,0,-1,-1.33158e-07,0,-1,-1.33158e-07,0,-1,-1.33158e-07,0,-1,-1.33158e-07,0,-1,-1.33158e-07,0,-1,-1.33158e-07,0,-1,-1.33158e-07,0,-1,-1.33158e-07,0,-1,-1.33158e-07,0,-1,-1.33158e-07,0,-1,-1.33158e-07,0,-1,-1.33158e-07,0,-1,-1.33158e-07,0,-1,-1.33158e-07,0,-1,-1.33158e-07,0,-1,-1.33158e-07,0,-1,-1.33158e-07,0,-1,-1.33158e-07,0,-1,-1.33158e-07,0,-1,-1.33158e-07,0,-1,-1.33158e-07,0,-1,-1.33158e-07,0,-1,-1.33158e-07,0,-1,-1.33158e-07,0,-1,-1.33158e-07,0,-1,-1.33158e-07,0,-1,-1.33158e-07,0,-1,-1.33158e-07,0,-1,-1.33158e-07,0,-1,-1.33158e-07,0,-1,-1.33158e-07,0,-1,-1.33158e-07,0,-1,-1.33158e-07,0,-1,-1.33158e-07,0,-1,-1.33158e-07]},"texCoord0":{"type":"float32","components":2,"data":[0.805556,1,0.75,1,0.75,0,0.805556,0,0.861111,1,0.861111,0,0.916667,1,0.861111,1,0.861111,0,0.916667,0,0.972222,1,0.972222,0,0.0277778,1,-0.0277778,1,-0.0277778,0,0.0277778,0,0.0833333,1,0.0833333,0,0.138889,1,0.138889,0,0.194444,1,0.138889,1,0.138889,0,0.194444,0,0.25,1,0.25,0,0.305556,1,0.305556,0,0.361111,1,0.361111,0,0.416667,1,0.361111,1,0.361111,0,0.416667,0,0.472222,1,0.472222,0,0.527778,1,0.527778,0,0.583333,1,0.583333,0,0.638889,1,0.638889,0,0.694444,1,0.638889,1,0.638889,0,0.694444,0,0.75,1,0.805556,1,0.75,1,0.805556,1,0.861111,1,0.861111,1,0.916667,1,0.916667,1,0.972222,1,0.972222,1,0.970821,1,0.970821,1,0.912631,1,0.970821,1,0.912631,1,0.912631,1,0.804673,1,0.804673,1,0.659966,1,0.659966,1,0.659966,1,0.495965,1,0.495965,1,0.332451,1,0.332451,1,0.189145,1,0.189145,1,0.0833334,1,0.0833334,1,0.0277778,1,0.0277778,1,0.0291791,1,0.0277778,1,0.0291791,1,0.0873684,1,0.0873684,1,0.195327,1,0.195327,1,0.694444,1,0.694444,1,0.694444,1,0.75,1]},"texCoord1":{"type":"float32","components":2,