{"model":{"version":3,"nodes":[{"name":"RootNode","position":[0,0,0],"rotation":[0,0,0],"scale":[1,1,1],"scaleCompensation":false},{"name":"FFM-CUPOLA","position":[-1.86749,2.47141,0.579111],"rotation":[-90,-0,0],"scale":[1,1,1],"scaleCompensation":false}],"parents":[-1,0],"skins":[],"morphs":[],"vertices":[{"position":{"type":"float32","components":3,"data":[0.0108457,0.289594,0.30601,0.0108457,0.260389,0.348606,0.0108457,0.221763,0.385771,0.0108456,-0.311254,-0.456721,0.0108456,-0.308071,-0.458452,0.0108456,-0.301929,-0.459453,0.0108456,-0.313402,-0.454155,0.0108456,-0.314644,-0.449204,0.0108458,-0.314643,0.207643,0.0108455,0.301929,-0.459453,0.0108455,0.308071,-0.458452,0.0108455,0.311254,-0.456721,0.0108455,0.313402,-0.454155,0.0108455,0.314643,-0.449204,0.0108457,0.314643,0.207643,0.0108458,-0.308072,0.259005,0.0108458,-0.289594,0.30601,0.0108458,-0.260389,0.348606,0.0108458,-0.221763,0.385771,0.0108458,-0.175059,0.416457,0.0108458,-0.121645,0.439624,0.0108458,-0.0628709,0.45426,0.0108458,-4.86408e-08,0.459367,0.0108458,0.0628709,0.45426,0.0108458,0.121645,0.439624,0.0108458,0.175059,0.416457,0.0108457,0.308072,0.259005,0.0108456,-0.308071,-0.458452,0.0108456,-0.311254,-0.456721,0.00341566,-0.326517,-0.469024,0.00341565,-0.316414,-0.474518,0.0108456,-0.301929,-0.459453,0.00341565,-0.304049,-0.476533,0.0108455,0.301929,-0.459453,0.00341555,0.304049,-0.476533,0.0108455,0.308071,-0.458452,0.00341555,0.316414,-0.474518,0.0108455,0.311254,-0.456721,0.00341555,0.326517,-0.469025,0.0108455,0.313402,-0.454155,0.00341555,0.333332,-0.46088,0.0108455,0.314643,-0.449204,0.00341555,0.335832,-0.450913,0.0108457,0.314643,0.207643,0.00341574,0.335832,0.208522,0.0108457,0.308072,0.259005,0.00341576,0.328926,0.262497,0.0108457,0.289594,0.30601,0.00341577,0.309156,0.312788,0.0108457,0.260389,0.348606,0.00341579,0.277944,0.358311,0.0108457,0.221763,0.385771,0.00341581,0.236711,0.397984,0.0108458,0.175059,0.416457,0.00341583,0.186879,0.430726,0.0108458,0.121645,0.439624,0.00341584,0.129868,0.455453,0.0108458,0.0628709,0.45426,0.00341586,0.0671016,0.471083,0.0108458,-4.86408e-08,0.459367,0.00341587,-5.0343e-08,0.476533,0.0108458,-0.0628709,0.45426,0.00341588,-0.0671017,0.471083,0.0108458,-0.121645,0.439624,0.00341589,-0.129868,0.455453,0.0108458,-0.175059,0.416457,0.00341589,-0.186879,0.430726,0.0108458,-0.221763,0.385771,0.00341589,-0.236711,0.397984,0.0108458,-0.260389,0.348606,0.00341588,-0.277944,0.358311,0.0108458,-0.289594,0.30601,0.00341587,-0.309156,0.312788,0.0108458,-0.308072,0.259005,0.00341586,-0.328926,0.262497,0.0108458,-0.314643,0.207643,0.00341585,-0.335832,0.208522,0.0108456,-0.314644,-0.449204,0.00341566,-0.335832,-0.450913,0.0108456,-0.313402,-0.454155,0.00341566,-0.333332,-0.46088,-5.33661e-08,-0.326517,-0.469024,-5.64557e-08,-0.316414,-0.474518,0.00341565,-0.316414,-0.474518,0.00341566,-0.326517,-0.469024,-5.64557e-08,-0.316414,-0.474518,-5.89836e-08,-0.304049,-0.476533,0.00341565,-0.304049,-0.476533,0.00341565,-0.316414,-0.474518,-5.05574e-08,-0.333332,-0.46088,-5.33661e-08,-0.326517,-0.469024,0.00341566,-0.326517,-0.469024,0.00341566,-0.333332,-0.46088,-4.71869e-08,-0.335832,-0.450913,-5.05574e-08,-0.333332,-0.46088,0.00341566,-0.333332,-0.46088,0.00341566,-0.335832,-0.450913,1.38752e-07,-0.335832,0.208522,-4.71869e-08,-0.335832,-0.450913,0.00341566,-0.335832,-0.450913,0.00341585,-0.335832,0.208522,-5.89836e-08,-0.304049,-0.476533,-1.58132e-07,0.304049,-0.476533,0.00341555,0.304049,-0.476533,0.00341565,-0.304049,-0.476533,-1.58132e-07,0.304049,-0.476533,-1.59537e-07,0.316414,-0.474518,0.00341555,0.316414,-0.474518,0.00341555,0.304049,-0.476533,-1.59537e-07,0.316414,-0.474518,-1.59817e-07,0.326517,-0.469025,0.00341555,0.326517,-0.469025,0.00341555,0.316414,-0.474518,-1.59817e-07,0.326517,-0.469025,-1.58975e-07,0.333332,-0.46088,0.00341555,0.333332,-0.46088,0.00341555,0.326517,-0.469025,-1.58975e-07,0.333332,-0.46088,-1.56728e-07,0.335832,-0.450913,0.00341555,0.335832,-0.450913,0.00341555,0.333332,-0.46088,-1.56728e-07,0.335832,-0.450913,2.94918e-08,0.335832,0.208522,0.00341574,0.335832,0.208522,0.00341555,0.335832,-0.450913,1.53357e-07,-0.328926,0.262497,1.38752e-07,-0.335832,0.208522,0.00341585,-0.335832,0.208522,0.00341586,-0.328926,0.262497,1.64031e-07,-0.309156,0.312788,1.53357e-07,-0.328926,0.262497,0.00341586,-0.328926,0.262497,0.00341587,-0.309156,0.312788,1.72176e-07,-0.277944,0.358311,1.64031e-07,-0.309156,0.312788,0.00341587,-0.309156,0.312788,0.00341588,-0.277944,0.358311,1.76108e-07,-0.236711,0.397984,1.72176e-07,-0.277944,0.358311,0.00341588,-0.277944,0.358311,0.00341589,-0.236711,0.397984,1.77232e-07,-0.186879,0.430726,1.76108e-07,-0.236711,0.397984,0.00341589,-0.236711,0.397984,0.00341589,-0.186879,0.430726,1.75546e-07,-0.129868,0.455453,1.77232e-07,-0.186879,0.430726,0.00341589,-0.186879,0.430726,0.00341589,-0.129868,0.455453,1.69086e-07,-0.0671017,0.471083,1.75546e-07,-0.129868,0.455453,0.00341589,-0.129868,0.455453,0.00341588,-0.0671017,0.471083,1.59817e-07,-5.08995e-08,0.476533,1.69086e-07,-0.0671017,0.471083,0.00341588,-0.0671017,0.471083,0.00341587,-5.0343e-08,0.476533,1.47178e-07,0.0671016,0.471083,1.59817e-07,-5.08995e-08,0.476533,0.00341587,-5.0343e-08,0.476533,0.00341586,0.0671016,0.471083,1.33134e-07,0.129868,0.455453,1.47178e-07,0.0671016,0.471083,0.00341586,0.0671016,0.471083,0.00341584,0.129868,0.455453,1.16282e-07,0.186879,0.430726,1.33134e-07,0.129868,0.455453,0.00341584,0.129868,0.455453,0.00341583,0.186879,0.430726,9.88677e-08,0.236711,0.397984,1.16282e-07,0.186879,0.430726,0.00341583,0.186879,0.430726,0.00341581,0.236711,0.397984,2.94918e-08,0.335832,0.208522,4.63442e-08,0.328926,0.262497,0.00341576,0.328926,0.262497,0.00341574,0.335832,0.208522,4.63442e-08,0.328926,0.262497,6.31967e-08,0.309156,0.312788,0.00341577,0.309156,0.312788,0.00341576,0.328926,0.262497,6.31967e-08,0.309156,0.312788,8.17344e-08,0.277944,0.358311,0.00341579,0.277944,0.358311,0.00341577,0.309156,0.312788,8.17344e-08,0.277944,0.358311,9.88677e-08,0.236711,0.397984,0.00341581,0.236711,0.397984,0.00341579,0.277944,0.358311]},"normal":{"type":"float32","components":3,