{"model":{"version":3,"nodes":[{"name":"RootNode","position":[0,0,0],"rotation":[0,0,0],"scale":[1,1,1],"scaleCompensation":false},{"name":"Signature_Modern_Recessed_A","position":[-1.83365,2.10799,2.42079],"rotation":[-90,-0,0],"scale":[1,1,1],"scaleCompensation":false},{"name":"Signature_Modern_Recessed_B","position":[-1.84687,2.10799,2.42079],"rotation":[-90,-0,0],"scale":[1,1,1],"scaleCompensation":false}],"parents":[-1,0,0],"skins":[],"morphs":[],"vertices":[{"position":{"type":"float32","components":3,"data":[-8.86784e-05,0.0593399,0.10435,-8.86607e-05,-0.0593407,0.10435,-8.86842e-05,-0.0593407,0.00266119,-8.87027e-05,0.0593399,0.00266117,-8.87039e-05,0.0593399,-0.00266084,-8.86854e-05,-0.0593407,-0.00266082,-8.87089e-05,-0.0593407,-0.104349,-8.87282e-05,0.0593399,-0.104349]},"normal":{"type":"float32","components":3,"data":[1,2.09994e-07,0,1,0,0,1,0,-2.09994e-07,1,2.09994e-07,-2.09994e-07,1,2.09994e-07,-2.09994e-07,1,0,-2.09994e-07,1,0,0,1,2.09994e-07,-4.19988e-07]},"texCoord0":{"type":"float32","components":2,"data":[0.793235,0.9995,0.225126,0.9995,0.225126,0.512738,0.793235,0.512738,0.793235,0.487262,0.225126,0.487262,0.225126,0.0005,0.793235,0.0005]}},{"position":{"type":"float32","components":3,"data":[0.0140188,-0.0788543,-0.123863,-0.0140188,0.0788543,-0.123863,0.0140187,0.0788543,-0.123863,-0.0140188,-0.0788543,-0.123863,0.0140188,0.0788543,0.123864,-0.0140188,0.0788543,-0.123863,-0.0140188,0.0788543,0.123864,0.0140187,0.0788543,-0.123863,0.0140188,-0.0788543,0.123864,0.0140188,0.0788543,0.123864,-0.0140188,0.0788543,0.123864,-0.0140187,-0.0788543,0.123864,-0.0140187,-0.0788543,0.123864,-0.0140188,-0.0788543,-0.123863,0.0140188,-0.0788543,0.123864,0.0140188,-0.0788543,-0.123863,0.0140188,-0.0788543,-0.123863,0.0140187,0.0788543,-0.123863,0.0140188,-0.0593403,-0.104349,0.0140188,0.0593403,-0.104349,0.0140188,0.0788543,0.123864,0.0140188,-0.0788543,0.123864,0.0140188,0.0593403,0.10435,0.0140188,-0.0593403,0.10435,0.0140188,0.0593403,-0.00266084,0.0140188,0.0593403,0.00266115,0.0140188,-0.0593403,0.00266117,0.0140188,-0.0593403,-0.00266083,0.0140188,0.0593403,-0.104349,0.0131318,-0.0593403,-0.104349,0.0140188,-0.0593403,-0.104349,0.0131318,0.0593403,-0.104349,0.0131318,0.0593403,-0.00266084,0.0140188,0.0593403,-0.104349,0.0140188,0.0593403,-0.00266084,0.0131318,0.0593403,-0.104349,0.0131318,-0.0593403,-0.00266083,0.0140188,0.0593403,-0.00266084,0.0140188,-0.0593403,-0.00266083,0.0131318,0.0593403,-0.00266084,0.0131318,-0.0593403,-0.00266083,0.0140188,-0.0593403,-0.104349,0.0131318,-0.0593403,-0.104349,0.0140188,-0.0593403,-0.00266083,0.0131318,-0.0593403,0.10435,0.0140188,0.0593403,0.10435,0.0140188,-0.0593403,0.10435,0.0131318,0.0593403,0.10435,0.0131318,-0.0593403,0.10435,0.0140188,-0.0593403,0.00266117,0.0131318,-0.0593403,0.00266117,0.0140188,-0.0593403,0.10435,0.0140188,0.0593403,0.00266115,0.0131318,-0.0593403,0.00266117,0.0140188,-0.0593403,0.00266117,0.0131318,0.0593403,0.00266115,0.0131318,0.0593403,0.10435,0.0140188,0.0593403,0.00266115,0.0140188,0.0593403,0.10435,0.0131318,0.0593403,0.00266115]},"normal":{"type":"float32","components":3,"data":[-4.19988e-07,0,-1,-3.67489e-07,0,-1,-5.24985e-07,0,-1,-4.19988e-07,0,-1,-2.09994e-07,1,0,-1.57495e-07,1,0,-1.57495e-07,1,0,-2.09994e-07,1,0,3.14991e-07,4.19988e-07,1,3.14991e-07,4.19988e-07,1,3.14991e-07,4.19988e-07,1,2.62493e-07,4.19988e-07,1,1.57495e-07,-1,0,1.57495e-07,-1,0,1.04997e-07,-1,0,2.09994e-07,-1,0,1,0,-4.19988e-07,1,0,-4.19988e-07,1,0,0,1,0,-8.39975e-07,1,0,0,1,0,0,1,4.19988e-07,0,1,0,0,1,0,-2.09994e-07,1,0,-2.09994e-07,1,0,-2.09994e-07,1,0,-2.09994e-07,3.14991e-07,0,1,2.09994e-07,0,1,2.09994e-07,0,1,3.14991e-07,0,1,1.04997e-07,-1,0,2.09994e-07,-1,0,1.04997e-07,-1,0,2.09994e-07,-1,0,-3.14991e-07,0,-1,-3.14991e-07,-4.19988e-07,-1,-3.14991e-07,0,-1,-3.14991e-07,-4.19988e-07,-1,-2.09994e-07,1,0,-2.09994e-07,1,0,-2.09994e-07,1,0,-2.09994e-07,1,0,-3.14991e-07,0,-1,-3.14991e-07,0,-1,-3.14991e-07,0,-1,-3.14991e-07,0,-1,-1.04997e-07,1,0,-2.09994e-07,1,0,-2.09994e-07,1,0,-1.04997e-07,1,0,3.14991e-07,0,1,2.09994e-07,4.19988e-07,1,2.09994e-07,4.19988e-07,1,3.14991e-07,0,1,1.04997e-07,-1,0,2.09994e-07,-1,0,1.04997e-07,-1,0,2.09994e-07,-1,0]},"texCoord0":{"type":"float32","components":2,"data":[-0.0357141,0.204426,0.964286,0.204426,0.964286,0.204425,-0.0357141,0.204426,0.964286,1.20443,0.964286,0.204426,0.964286,1.20443,0.964286,0.204425,-0.0357141,1.20443,0.964286,1.20443,0.964286,1.20443,-0.0357141,1.20443,-0.0357141,1.20443,-0.0357141,0.204426,-0.0357141,1.20443,-0.0357141,0.204426,-0.0357141,0.204426,0.964286,0.204425,0.0880203,0.283198,0.840551,0.283198,0.964286,1.20443,-0.0357141,1.20443,0.840551,1.12565,0.0880203,1.12565,0.840551,0.693684,0.840551,0.715167,0.0880203,0.715167,0.0880203,0.693684,0.840551,0.283198,0.0880203,0.283198,0.0880203,0.283198,0.840551,0.283198,0.840551,0.693684,0.840551,0.283198,0.840551,0.693684,0.840551,0.283198,0.0880203,0.693684,0.840551,0.693684,0.0880203,0.693684,0.840551,0.693684,0.0880203,0.693684,0.0880203,0.283198,0.0880203,0.283198,0.0880203,0.693684,0.0880203,1.12565,0.840551,1.12565,0.0880203,1.12565,0.840551,1.12565,0.0880203,1.12565,0.0880203,0.715167,0.0880203,0.715167,0.0880203,1.12565,0.840551,0.715167,0.0880203,0.715167,0.0880203,0.715167,0.840551,0.715167,0.840551,1.12565,0.840551,0.715167,0.840551,1.12565,0.840551,0.715167]}}],"meshes":[{"aabb":{"min":[-8.87282e-05,-0.0593407,-0.104349],"max":[-8.86607e-05,0.0593399,0.10435]},"vertices":0,"indices":[0,1,2,0,2,3,4,5,6,4,6,7],"type":"triangles","base":0,"count":12},{"aabb":{"min":[-0.0140188,-0.0788543,-0.123863],"max":[0.0140188,0.0788543,0.123864]},"vertices":1,"indices":[0,1,2,1,0,3,4,5,6,5,4,7,8,9,10,10,11,8,12,13,14,14,13,15,16,17,18,18,17,19,20,21,22,22,21,23,20,24,17,25,20,22,17,24,19,24,20,25,16,26,21,16,18,27,23,21,26,26,16,27,25,26,27,25,27,24,28,29,30,29,28,31,32,33,34,33,32,35,36,37,38,37,36,39,40,41,42,41,40,43,44,45,46,45,44,47,48,49,50,49,48,51,52,53,54,53,52,55,56,57,58,57,56,59],"type":"triangles","base":0,"count":114}],"meshInstances":[{"node":1,"mesh":0},{"node":2,"mesh":1}]}}