{"model":{"version":3,"nodes":[{"name":"RootNode","position":[0,0,0],"rotation":[0,0,0],"scale":[1,1,1],"scaleCompensation":false},{"name":"E_S_Modern_02","position":[0.42689,2.04032,-1.25171],"rotation":[-90,-90,0],"scale":[1,1,1],"scaleCompensation":false},{"name":"E_S_Modern_01","position":[0.42689,2.04032,-1.24221],"rotation":[-90,-90,0],"scale":[1,1,1],"scaleCompensation":false}],"parents":[-1,0,0],"skins":[],"morphs":[],"vertices":[{"position":{"type":"float32","components":3,"data":[-6.51926e-09,-0.0530511,-0.0530511,-1.67638e-08,0.0422538,-0.0422538,-5.58794e-09,-0.0422538,-0.0422538,-2.42144e-08,0.0530511,-0.0530511,5.58794e-09,0.0422538,0.0422538,-2.42144e-08,0.0530511,-0.0530511,7.45058e-09,0.0530511,0.0530511,1.95578e-08,-0.0422538,0.0422538,2.42144e-08,-0.0530511,0.0530511,-2.42144e-08,0.0530511,-0.0530511,-6.51926e-09,-0.0530511,-0.0530511,-0.00943147,-0.0530511,-0.0530511,-0.00943149,0.0530511,-0.0530511,7.45058e-09,0.0530511,0.0530511,-0.00943149,0.0530511,-0.0530511,-0.00943146,0.0530511,0.0530511,-2.42144e-08,0.0530511,-0.0530511,7.45058e-09,0.0530511,0.0530511,-0.00943144,-0.0530511,0.0530511,2.42144e-08,-0.0530511,0.0530511,-0.00943146,0.0530511,0.0530511,2.42144e-08,-0.0530511,0.0530511,-0.00943147,-0.0530511,-0.0530511,-6.51926e-09,-0.0530511,-0.0530511,-0.00943144,-0.0530511,0.0530511,0.00943145,0.0399226,-0.0399226,0.00943146,-0.0399226,-0.0399226,0.00943146,-0.0422538,-0.0422538,0.00943145,0.0422538,-0.0422538,0.00943145,0.0422538,-0.0422538,0.00943147,0.0422538,0.0422538,0.00943147,0.0399226,0.0399226,0.00943145,0.0399226,-0.0399226,0.00943147,0.0422538,0.0422538,0.00943149,-0.0422538,0.0422538,0.00943148,-0.0399226,0.0399226,0.00943147,0.0399226,0.0399226,0.00943149,-0.0422538,0.0422538,0.00943146,-0.0399226,-0.0399226,0.00943148,-0.0399226,0.0399226,0.00943146,-0.0422538,-0.0422538,0.00943146,-0.0422538,-0.0422538,-1.67638e-08,0.0422538,-0.0422538,0.00943145,0.0422538,-0.0422538,-5.58794e-09,-0.0422538,-0.0422538,0.00943147,0.0422538,0.0422538,-1.67638e-08,0.0422538,-0.0422538,5.58794e-09,0.0422538,0.0422538,0.00943145,0.0422538,-0.0422538,0.00943149,-0.0422538,0.0422538,0.00943147,0.0422538,0.0422538,5.58794e-09,0.0422538,0.0422538,1.95578e-08,-0.0422538,0.0422538,0.00943146,-0.0422538,-0.0422538,0.00943149,-0.0422538,0.0422538,1.95578e-08,-0.0422538,0.0422538,-5.58794e-09,-0.0422538,-0.0422538]},"normal":{"type":"float32","components":3,"data":[1,3.12132e-07,-3.12132e-07,1,3.12132e-07,-3.12132e-07,1,3.12132e-07,-3.12132e-07,1,3.12132e-07,-3.12132e-07,1,3.12132e-07,-3.12132e-07,1,3.12132e-07,-3.12132e-07,1,3.12132e-07,-3.12132e-07,1,3.12132e-07,-3.12132e-07,1,3.12132e-07,-3.12132e-07,-7.02296e-07,0,-1,-7.80329e-07,0,-1,-7.80329e-07,0,-1,-7.02296e-07,0,-1,-1.56066e-07,1,0,-1.56066e-07,1,0,-1.56066e-07,1,0,-1.56066e-07,1,0,2.34099e-07,0,1,3.12132e-07,0,1,3.12131e-07,0,1,2.34099e-07,0,1,1.56066e-07,-1,0,1.56066e-07,-1,0,1.56066e-07,-1,0,1.56066e-07,-1,0,1,0,3.12132e-07,1,0,3.12132e-07,1,0,0,1,0,0,1,-3.12132e-07,-3.12132e-07,1,-3.12132e-07,-3.12132e-07,1,-3.12132e-07,-3.12132e-07,1,-3.12132e-07,-3.12132e-07,1,0,-9.36395e-07,1,0,-6.24263e-07,1,0,-6.24263e-07,1,0,-9.36395e-07,1,3.12132e-07,-3.12132e-07,1,3.12132e-07,-3.12132e-07,1,3.12132e-07,-3.12132e-07,1,3.12132e-07,-3.12132e-07,-9.36395e-07,0,-1,-7.80329e-07,0,-1,-7.80329e-07,0,-1,-7.02296e-07,0,-1,-1.56066e-07,1,0,-1.56066e-07,1,0,-1.56066e-07,1,0,-1.56066e-07,1,0,4.68198e-07,0,1,3.12132e-07,0,1,6.24263e-07,0,1,6.24263e-07,0,1,1.56066e-07,-1,0,1.56066e-07,-1,0,1.56066e-07,-1,0,1.56066e-07,-1,0]},"texCoord0":{"type":"float32","components":2,"data":[0.542116,0.542116,0.0641497,0.487966,0.487966,0.487966,0.01,0.542116,0.0641497,0.0641498,0.01,0.542116,0.01,0.01,0.487966,0.0641497,0.542116,0.01,0.457884,0.724965,0.99,0.724965,0.99,0.772265,0.457884,0.772265,0.99,0.613484,0.457884,0.566184,0.99,0.566184,0.457884,0.613484,0.99,0.804356,0.457884,0.851656,0.457884,0.804356,0.99,0.851656,0.99,0.645574,0.457884,0.692874,0.457884,0.645575,0.99,0.692874,0.0216914,0.978308,0.422125,0.978308,0.433816,0.99,0.01,0.99,0.01,0.99,0.01,0.566184,0.0216914,0.577875,0.0216914,0.978308,0.01,0.566184,0.433816,0.566184,0.422125,0.577875,0.0216914,0.577875,0.433816,0.566184,0.422125,0.978308,0.422125,0.577875,0.433816,0.99,0.99,0.168781,0.566184,0.216082,0.566184,0.168781,0.99,0.216081,0.8817,0.931046,0.457884,0.883746,0.8817,0.883747,0.457884,0.931046,0.566184,0.0893907,0.99,0.0893908,0.99,0.136691,0.566184,0.136691,0.566184,0.0100001,0.99,0.01,0.99,0.0573,0.566184,0.0573001]}},{"position":{"type":"float32","components":3,"data":[-5.96585e-05,-0.0399226,0.0399226,-5.9694e-05,0.0399226,-0.0399226,-5.96704e-05,0.0399226,0.0399226,-5.9681e-05,-0.0399226,-0.0399226]},"normal":{"type":"float32","components":3,"data":[1,3.12132e-07,-3.12132e-07,1,3.12132e-07,-3.12132e-07,1,3.12132e-07,-3.12132e-07,1,3.12132e-07,-3.12132e-07]},"texCoord0":{"type":"float32","components":2,"data":[0,1,1,0,1,1,0,0]},"texCoord1":{"type":"float32","components":2,"data":[0.474372,0.509017,0.474554,0.508835,0.474554,0.509017,0.474372,0.508835]}}],"meshes":[{"aabb":{"min":[-0.00943149,-0.0530511,-0.0530511],"max":[0.00943149,0.0530511,0.0530511]},"vertices":0,"indices":[0,1,2,1,0,3,4,5,6,5,4,1,7,6,8,6,7,4,8,2,7,2,8,0,9,10,11,11,12,9,13,14,15,14,13,16,17,18,19,18,17,20,21,22,23,22,21,24,25,26,27,25,27,28,29,30,31,29,31,32,33,34,35,33,35,36,37,38,39,37,40,38,41,42,43,42,41,44,45,46,47,46,45,48,49,50,51,51,52,49,53,54,55,55,56,53],"type":"triangles","base":0,"count":96},{"aabb":{"min":[-5.9694e-05,-0.0399226,-0.0399226],"max":[-5.96585e-05,0.0399226,0.0399226]},"vertices":1,"indices":[0,1,2,1,0,3],"type":"triangles","base":0,"count":6}],"meshInstances":[{"node":1,"mesh":0},{"node":2,"mesh":1}]}}