{"model":{"version":3,"nodes":[{"name":"RootNode","position":[0,0,0],"rotation":[0,0,0],"scale":[1,1,1],"scaleCompensation":false},{"name":"Signature_Modern_B","position":[-1.84922,2.10799,2.42079],"rotation":[-90,-0,0],"scale":[1,1,1],"scaleCompensation":false},{"name":"Signature_Modern_A","position":[-1.836,2.10799,2.42079],"rotation":[-90,-0,0],"scale":[1,1,1],"scaleCompensation":false}],"parents":[-1,0,0],"skins":[],"morphs":[],"vertices":[{"position":{"type":"float32","components":3,"data":[-3.63216e-08,0.0788543,-0.123864,-2.51457e-08,0.0628054,-0.107815,-8.3819e-09,-0.0628054,-0.107815,-1.02445e-08,-0.0788543,-0.123864,2.6077e-08,0.0788543,0.123863,2.23517e-08,0.0628054,0.107814,5.21541e-08,-0.0788543,0.123863,4.28408e-08,-0.0628054,0.107814,-0.0140188,-0.0788543,-0.123864,-0.0140188,0.0788543,-0.123864,-3.63216e-08,0.0788543,-0.123864,-1.02445e-08,-0.0788543,-0.123864,-0.0140188,0.0788543,0.123863,2.6077e-08,0.0788543,0.123863,-3.63216e-08,0.0788543,-0.123864,-0.0140188,0.0788543,-0.123864,-0.0140188,0.0788543,0.123863,-0.0140187,-0.0788543,0.123863,5.21541e-08,-0.0788543,0.123863,2.6077e-08,0.0788543,0.123863,-0.0140188,-0.0788543,-0.123864,-1.02445e-08,-0.0788543,-0.123864,5.21541e-08,-0.0788543,0.123863,-0.0140187,-0.0788543,0.123863,0.0140188,0.0593403,-0.10435,0.0140188,-0.0593403,-0.10435,0.0140188,-0.0628054,-0.107815,0.0140188,0.0628054,-0.107815,0.0140188,0.0628054,0.107814,0.0140188,0.0593403,0.104349,0.0140188,0.0593403,0.00266073,0.0140188,0.0593403,-0.00266127,0.0140188,-0.0593403,0.104349,0.0140188,-0.0628054,0.107814,0.0140188,-0.0593403,-0.00266125,0.0140188,-0.0593403,0.00266074,-8.3819e-09,-0.0628054,-0.107815,-2.51457e-08,0.0628054,-0.107815,0.0140188,0.0628054,-0.107815,0.0140188,-0.0628054,-0.107815,2.23517e-08,0.0628054,0.107814,0.0140188,0.0628054,0.107814,0.0140188,0.0628054,-0.107815,-2.51457e-08,0.0628054,-0.107815,2.23517e-08,0.0628054,0.107814,4.28408e-08,-0.0628054,0.107814,0.0140188,-0.0628054,0.107814,0.0140188,0.0628054,0.107814,-8.3819e-09,-0.0628054,-0.107815,0.0140188,-0.0628054,-0.107815,0.0140188,-0.0628054,0.107814,4.28408e-08,-0.0628054,0.107814,0.0140188,0.0593403,0.00266073,0.0140188,-0.0593403,0.00266074,0.0140188,-0.0593403,-0.00266125,0.0140188,0.0593403,-0.00266127,0.0140188,-0.0593403,-0.10435,0.0140188,0.0593403,-0.10435,0.0131318,0.0593403,-0.10435,0.0131318,-0.0593403,-0.10435,0.0140188,0.0593403,-0.10435,0.0140188,0.0593403,-0.00266127,0.0131318,0.0593403,-0.00266127,0.0131318,0.0593403,-0.10435,0.0140188,0.0593403,-0.00266127,0.0140188,-0.0593403,-0.00266125,0.0131318,-0.0593403,-0.00266125,0.0131318,0.0593403,-0.00266127,0.0140188,-0.0593403,-0.00266125,0.0140188,-0.0593403,-0.10435,0.0131318,-0.0593403,-0.10435,0.0131318,-0.0593403,-0.00266125,0.0140188,0.0593403,0.104349,0.0140188,-0.0593403,0.104349,0.0131318,-0.0593403,0.104349,0.0131318,0.0593403,0.104349,0.0140188,-0.0593403,0.104349,0.0140188,-0.0593403,0.00266074,0.0131318,-0.0593403,0.00266074,0.0131318,-0.0593403,0.104349,0.0140188,-0.0593403,0.00266074,0.0140188,0.0593403,0.00266073,0.0131318,0.0593403,0.00266073,0.0131318,-0.0593403,0.00266074,0.0140188,0.0593403,0.00266073,0.0140188,0.0593403,0.104349,0.0131318,0.0593403,0.104349,0.0131318,0.0593403,0.00266073]},"normal":{"type":"float32","components":3,"data":[1,4.19988e-07,0,1,0,-4.19988e-07,1,4.19988e-07,0,1,4.19988e-07,0,1,4.19988e-07,-8.39975e-07,1,0,-8.39975e-07,1,4.19988e-07,-8.39975e-07,1,4.19988e-07,-8.39975e-07,-7.87477e-07,0,-1,-7.34978e-07,0,-1,-6.8248e-07,0,-1,-7.34978e-07,0,-1,-1.57495e-07,1,0,-1.57495e-07,1,0,-1.57495e-07,1,0,-1.57495e-07,1,0,3.14991e-07,4.19988e-07,1,2.62492e-07,4.19988e-07,1,2.62492e-07,4.19988e-07,1,2.62492e-07,4.19988e-07,1,1.57495e-07,-1,0,1.57495e-07,-1,0,1.57495e-07,-1,0,1.57495e-07,-1,0,1,0,0,1,4.19988e-07,0,1,4.19988e-07,0,1,-4.19988e-07,0,1,-4.19988e-07,-8.39975e-07,1,0,-8.39976e-07,1,-4.19988e-07,-2.09994e-07,1,-4.19988e-07,-2.09994e-07,1,4.19988e-07,-8.39975e-07,1,4.19988e-07,-8.39975e-07,1,1.25996e-06,-2.09994e-07,1,1.25996e-06,-2.09994e-07,-7.34978e-07,-4.19988e-07,-1,-7.87476e-07,0,-1,-7.34978e-07,0,-1,-7.34978e-07,-4.19988e-07,-1,-1.57496e-07,1,0,-2.09994e-07,1,0,-1.04997e-07,1,0,-1.57495e-07,1,0,1.15497e-06,0,1,1.15497e-06,0,1,1.15497e-06,0,1,1.25996e-06,0,1,1.57495e-07,-1,0,2.09994e-07,-1,0,2.09994e-07,-1,0,1.57495e-07,-1,0,1,0,-2.09994e-07,1,0,-2.09994e-07,1,0,-2.09994e-07,1,0,-2.09994e-07,2.09994e-07,0,1,3.14991e-07,0,1,3.14991e-07,0,1,2.09994e-07,0,1,2.09994e-07,-1,0,1.04997e-07,-1,0,1.04997e-07,-1,0,2.09994e-07,-1,0,-3.14991e-07,-4.19988e-07,-1,-3.14991e-07,0,-1,-3.14991e-07,0,-1,-3.14991e-07,-4.19988e-07,-1,-2.09994e-07,1,0,-2.09994e-07,1,0,-2.09994e-07,1,0,-2.09994e-07,1,0,-3.14991e-07,0,-1,-3.14991e-07,0,-1,-3.14991e-07,0,-1,-3.14991e-07,0,-1,-1.04997e-07,1,0,-2.09994e-07,1,0,-2.09994e-07,1,0,-1.04997e-07,1,0,2.09994e-07,4.19988e-07,1,3.14991e-07,0,1,3.14991e-07,0,1,2.09994e-07,4.19988e-07,1,2.09994e-07,-1,0,1.04997e-07,-1,0,1.04997e-07,-1,0,2.09994e-07,-1,0]}},{"position":{"type":"float32","components":3,"data":[-8.88899e-05,0.0593399,0.10435,-8.88722e-05,-0.0593407,0.10435,-8.88957e-05,-0.0593407,0.00266119,-8.89142e-05,0.0593399,0.00266117,-8.89154e-05,0.0593399,-0.00266084,-8.88969e-05,-0.0593407,-0.00266082,-8.89204e-05,-0.0593407,-0.104349,-8.89397e-05,0.0593399,-0.104349]},"normal":{"type":"float32","components":3,"data":[1,2.09994e-07,0,1,0,0,1,0,-2.09994e-07,1,2.09994e-07,-2.09994e-07,1,2.09994e-07,-2.09994e-07,1,0,-2.09994e-07,1,0,0,1,2.09994e-07,-4.19988e-07]},"texCoord0":{"type":"float32","components":2,"data":[0.793235,0.9995,0.225126,0.9995,0.225126,0.512738,0.793235,0.512738,0.793235,0.487262,0.225126,0.487262,0.225126,0.0005,0.793235,0.0005]}}],"meshes":[{"aabb":{"min":[-0.0140188,-0.0788543,-0.123864],"max":[0.0140188,0.0788543,0.123863]},"vertices":0,"indices":[0,1,2,2,3,0,4,5,1,1,0,4,6,7,5,5,4,6,6,3,2,2,7,6,8,9,10,10,11,8,12,13,14,14,15,12,16,17,18,18,19,16,20,21,22,22,23,20,24,25,26,26,27,24,28,29,30,30,31,24,28,30,24,28,24,27,32,29,28,28,33,32,26,25,34,34,35,32,26,34,32,33,26,32,36,37,38,38,39,36,40,41,42,42,43,40,44,45,46,46,47,44,48,49,50,50,51,48,52,53,54,54,55,52,56,57,58,58,59,56,60,61,62,62,63,60,64,65,66,66,67,64,68,69,70,70,71,68,72,73,74,74,75,72,76,77,78,78,79,76,80,81,82,82,83,80,84,85,86,86,87,84],"type":"triangles","base":0,"count":162},{"aabb":{"min":[-8.89397e-05,-0.0593407,-0.104349],"max":[-8.88722e-05,0.0593399,0.10435]},"vertices":1,"indices":[0,1,2,0,2,3,4,5,6,4,6,7],"type":"triangles","base":0,"count":12}],"meshInstances":[{"node":1,"mesh":0},{"node":2,"mesh":1}]}}