{"model":{"version":3,"nodes":[{"name":"RootNode","position":[0,0,0],"rotation":[0,0,0],"scale":[1,1,1],"scaleCompensation":false},{"name":"Steamhead_Square","position":[0.425537,0.528356,-1.26503],"rotation":[9.33467e-06,2.01624e-13,1.23459e-29],"scale":[1,1,1],"scaleCompensation":false}],"parents":[-1,0],"skins":[],"morphs":[],"vertices":[{"position":{"type":"float32","components":3,"data":[-0.0755,-0.0764428,0.031873,-0.0755,-0.0764428,0,0.0755,-0.0764428,0,0.0755,-0.0764428,0.031873,0.0765,0.0754428,0.031873,0.0765,-0.0754428,0.031873,0.0765,-0.0754428,0,0.0765,0.0754428,0,-0.0765,-0.0754428,0.031873,-0.0765,0.0754428,0.031873,-0.0765,0.0754428,0,-0.0765,-0.0754428,0,-0.0755,-0.0764428,0.031873,-0.0755,-0.0754428,0.032873,-0.0765,-0.0754428,0.031873,0.0765,-0.0754428,0.031873,0.0755,-0.0754428,0.032873,0.0755,-0.0764428,0.031873,-0.0765,0.0754428,0.031873,-0.0755,0.0754428,0.032873,-0.0755,0.0764428,0.031873,0.0755,0.0764428,0.031873,0.0755,0.0754428,0.032873,0.0765,0.0754428,0.031873,0.0755,-0.0764428,0.031873,0.0755,-0.0754428,0.032873,-0.0755,-0.0754428,0.032873,-0.0755,-0.0764428,0.031873,0.0765,0.0754428,0.031873,0.0755,0.0754428,0.032873,0.0755,-0.0754428,0.032873,0.0765,-0.0754428,0.031873,-0.0755,0.0764428,0.031873,-0.0755,0.0754428,0.032873,0.0755,0.0754428,0.032873,0.0755,0.0764428,0.031873,-0.0765,-0.0754428,0.031873,-0.0755,-0.0754428,0.032873,-0.0755,0.0754428,0.032873,-0.0765,0.0754428,0.031873,0.0765,-0.0754428,0.031873,0.0755,-0.0764428,0.031873,0.0755,-0.0764428,0,0.0765,-0.0754428,0,-0.0765,-0.0754428,0,-0.0755,-0.0764428,0,-0.0755,-0.0764428,0.031873,-0.0765,-0.0754428,0.031873,0.0755,0.0764428,0.031873,0.0765,0.0754428,0.031873,0.0765,0.0754428,0,0.0755,0.0764428,0,-0.0765,0.0754428,0.031873,-0.0755,0.0764428,0.031873,-0.0755,0.0764428,0,-0.0765,0.0754428,0,-0.0755,0.0754428,0.032873,-0.0755,-0.0754428,0.032873,0.0755,-0.0754428,0.032873,0.0755,0.0754428,0.032873,-0.0356787,0.0764428,0.00946936,-0.0356787,0.0718699,0.0113635,-0.0329999,0.0714931,0.0109868,-0.0329999,0.0764428,0.00893651,0.0330001,0.0764428,0.0089365,0.0330001,0.0714931,0.0109867,0.0356789,0.0718699,0.0113635,0.0356789,0.0764428,0.00946934,0.0379498,0.0729428,0.0124365,0.0379498,0.0764428,0.0109867,0.0394672,0.0745486,0.0140423,0.0394672,0.0764428,0.0132577,0.0400001,0.0764428,0.0159365,0.0394672,0.073764,0.0159365,0.0394672,0.0745486,0.0178307,0.0379498,0.0714931,0.0159365,0.0379498,0.0729428,0.0194365,0.0356789,0.0699757,0.0159365,0.0356789,0.0718699,0.0205095,0.0330001,0.0694428,0.0159365,0.0330001,0.0714931,0.0208862,-0.0329999,0.0694428,0.0159365,-0.0329999,0.0714931,0.0208862,-0.0356787,0.0699757,0.0159365,-0.0379497,0.0729428,0.0124365,-0.0379497,0.0714931,0.0159365,-0.0379497,0.0764428,0.0109868,-0.0394671,0.0764428,0.0132577,-0.0394671,0.0745487,0.0140423,-0.0399999,0.0764428,0.0159365,-0.0394671,0.0737641,0.0159365,-0.0379497,0.0729428,0.0194365,-0.0394671,0.0745487,0.0178307,-0.0356787,0.0718699,0.0205095,-0.0329999,0.0764428,0.0229365,-0.0356787,0.0764428,0.0224037,0.0330001,0.0764428,0.0229365,0.0356789,0.0764428,0.0224037,-0.0379497,0.0764428,0.0208863,-0.0394671,0.0764428,0.0186153,0.0379498,0.0764428,0.0208862,0.0394672,0.0764428,0.0186153,0.0755,0.0764428,0,-0.0755,0.0764428,0,0.0330001,0.0764428,0.0089365,0.0356789,0.0764428,0.00946934,0.0379498,0.0764428,0.0109867,0.0394672,0.0764428,0.0132577,0.0400001,0.0764428,0.0159365,0.0394672,0.0764428,0.0186153,-0.0329999,0.0764428,0.00893651,-0.0356787,0.0764428,0.00946936,-0.0379497,0.0764428,0.0109868,-0.0394671,0.0764428,0.0132577,-0.0399999,0.0764428,0.0159365,-0.0394671,0.0764428,0.0186153,-0.0755,0.0764428,0.031873,-0.0379497,0.0764428,0.0208863,-0.0356787,0.0764428,0.0224037,-0.0329999,0.0764428,0.0229365,0.0330001,0.0764428,0.0229365,0.0755,0.0764428,0.031873,0.0356789,0.0764428,0.0224037,0.0379498,0.0764428,0.0208862]},"normal":{"type":"float32","components":3,"data":[0,-1,0,0,-1,0,0,-1,0,0,-1,0,1,0,0,1,0,0,1,0,0,1,0,0,-1,0,0,-1,0,0,-1,0,0,-1,0,0,-0.57735,-0.57735,0.577352,-0.57735,-0.57735,0.577352,-0.57735,-0.57735,0.577352,0.57735,-0.57735,0.577352,0.57735,-0.57735,0.577352,0.57735,-0.57735,0.577352,-0.57735,0.57735,0.577352,-0.57735,0.57735,0.577352,-0.57735,0.57735,0.577352,0.57735,0.57735,0.577352,0.57735,0.57735,0.577352,0.57735,0.57735,0.577352,0,-0.707105,0.707108,0,-0.707106,0.707108,0,-0.707105,0.707108,0,-0.707106,0.707108,0.707105,0,0.707108,0.707106,0,0.707108,0.707105,0,0.707108,0.707106,0,0.707108,0,0.707105,0.707108,0,0.707106,0.707108,0,0.707105,0.707108,0,0.707106,0.707108,-0.707105,0,0.707108,-0.707106,0,0.707108,-0.707105,0,0.707108,-0.707106,0,0.707108,0.707107,-0.707107,0,0.707107,-0.707107,0,0.707107,-0.707107,0,0.707107,-0.707107,0,-0.707107,-0.707107,0,-0.707107,-0.707107,0,-0.707107,-0.707107,0,-0.707107,-0.707107,0,0.707107,0.707107,0,0.707107,0.707107,0,0.707107,0.707107,0,0.707107,0.707107,0,-0.707107,0.707107,0,-0.707107,0.707107,0,-0.707107,0.707107,0,-0.707107,0.707107,0,0,0,1,0,0,1,0,0,1,0,0,1,0.342261,0.359571,0.868082,0.366793,0.657823,0.657823,0.0957655,0.703857,0.703857,0.0885355,0.381181,0.920251,-0.0885349,0.381181,0.920251,-0.095766,0.703857,0.703857,-0.366793,0.657823,0.657824,-0.34226,0.359572,0.868082,-0.683853,0.515919,0.515919,-0.65461,0.289296,0.698422,-0.906325,0.298811,0.298811,-0.892751,0.172419,0.416255,-0.990253,0.139283,6.62014e-07,-0.906324,0.422583,3.7589e-08,-0.906325,0.298812,-0.298809,-0.683854,0.729619,7.32328e-08,-0.683853,0.51592,-0.515918,-0.366793,0.930303,-2.38107e-07,-0.366792,0.657825,-0.657822,-0.0957655,0.995404,-5.17177e-07,-0.0957655,0.703858,-0.703856,0.0957655,0.995404,-1.05546e-08,0.0957655,0.703859,-0.703855,0.366793,0.930303,0,0.683854,0.515918,0.515919,0.683854,0.729619,0,0.654611,0.289295,0.698421,0.89275,0.172418,0.416256,0.906325,0.298811,0.298811,0.990253,0.139283,1.49811e-06,0.906324,0.422583,2.00474e-08,0.683854,0.515921,-0.515916,0.906325,0.298814,-0.298808,0.366793,0.657825,-0.657821,0.0885351,0.381185,-0.92025,0.34226,0.359576,-0.86808,-0.0885356,0.381185,-0.92025,-0.342261,0.359575,-0.86808,0.654611,0.289301,-0.698419,0.892751,0.172424,-0.416251,-0.654612,0.289299,-0.698419,-0.892751,0.172421,-0.416252,0,1,0,0,1,0,0,1,0,0,1,0,0,1,0,0,1,0,0,1,0,0,1,0,0,1,0,0,1,0,0,1,0,0,1,0,0,1,0,0,1,0,0,1,0,0,1,0,0,1,0,0,1,0,0,1,0,0,1,0,0,1,0,0,1,0]},"texCoord0":{"type":"float32","components":2,