{"model":{"version":3,"nodes":[{"name":"RootNode","position":[0,0,0],"rotation":[0,0,0],"scale":[1,1,1],"scaleCompensation":false},{"name":"Shower_Flow_02","position":[-0.419214,4.27989,0.977753],"rotation":[-90,-0,0],"scale":[1,1,1],"scaleCompensation":false}],"parents":[-1,0],"skins":[],"morphs":[],"vertices":[{"position":{"type":"float32","components":3,"data":[0.112855,0,-4.19922,0.106049,0.0385987,-4.19922,0.106049,0.0385987,0,0.112855,0,0,0.086452,0.0725419,-4.19922,0.086452,0.0725419,0,0.0564275,0.0977354,-4.19922,0.0564275,0.0977354,0,0.019597,0.111141,-4.19922,0.019597,0.111141,0,-0.0195971,0.111141,-4.19922,-0.0195971,0.111141,0,-0.0564276,0.0977354,-4.19922,-0.0564276,0.0977354,0,-0.0864521,0.0725419,-4.19922,-0.0864521,0.0725419,0,-0.106049,0.0385987,-4.19922,-0.106049,0.0385987,0,-0.112855,1.70407e-08,-4.19922,-0.112855,1.70407e-08,0,-0.112855,1.70407e-08,-4.19922,-0.106049,-0.0385987,-4.19922,-0.106049,-0.0385987,0,-0.112855,1.70407e-08,0,-0.0864521,-0.0725419,-4.19922,-0.0864521,-0.0725419,0,-0.0564277,-0.0977354,-4.19922,-0.0564277,-0.0977354,0,-0.0195972,-0.111141,-4.19922,-0.0195972,-0.111141,0,0.019597,-0.111141,-4.19922,0.019597,-0.111141,0,0.0564275,-0.0977355,-4.19922,0.0564275,-0.0977355,0,0.086452,-0.072542,-4.19922,0.086452,-0.072542,0,0.106049,-0.0385988,-4.19922,0.106049,-0.0385988,0,0.0757121,0,-4.19922,0.0711461,0.0258951,-4.19922,0.0711461,0.0258951,0,0.0757121,0,0,0.0579988,0.0486668,-4.19922,0.0579988,0.0486668,0,0.037856,0.0655687,-4.19922,0.037856,0.0655687,0,0.0131472,0.0745619,-4.19922,0.0131472,0.0745619,0,-0.0131473,0.0745619,-4.19922,-0.0131473,0.0745619,0,-0.0378561,0.0655687,-4.19922,-0.0378561,0.0655687,0,-0.0579989,0.0486668,-4.19922,-0.0579989,0.0486668,0,-0.0711462,0.0258951,-4.19922,-0.0711462,0.0258951,0,-0.0757122,1.14322e-08,-4.19922,-0.0757122,1.14322e-08,0,-0.0757122,1.14322e-08,-4.19922,-0.0711462,-0.0258951,-4.19922,-0.0711462,-0.0258951,0,-0.0757122,1.14322e-08,0,-0.0579989,-0.0486668,-4.19922,-0.0579989,-0.0486668,0,-0.0378562,-0.0655686,-4.19922,-0.0378562,-0.0655686,0,-0.0131474,-0.0745619,-4.19922,-0.0131474,-0.0745619,0,0.0131472,-0.0745619,-4.19922,0.0131472,-0.0745619,0,0.037856,-0.0655687,-4.19922,0.037856,-0.0655687,0,0.0579988,-0.0486669,-4.19922,0.0579988,-0.0486669,0,0.0711461,-0.0258951,-4.19922,0.0711461,-0.0258951,0,0.0425713,0,-4.19922,0.0400039,0.0145603,-4.19922,0.0400039,0.0145603,0,0.0425713,0,0,0.0326115,0.0273643,-4.19922,0.0326115,0.0273643,0,0.0212856,0.0368679,-4.19922,0.0212856,0.0368679,0,0.00739238,0.0419246,-4.19922,0.00739238,0.0419246,0,-0.00739249,0.0419246,-4.19922,-0.00739249,0.0419246,0,-0.0212857,0.0368679,-4.19922,-0.0212857,0.0368679,0,-0.0326116,0.0273643,-4.19922,-0.0326116,0.0273643,0,-0.040004,0.0145603,-4.19922,-0.040004,0.0145603,0,-0.0425714,6.4281e-09,-4.19922,-0.0425714,6.4281e-09,0,-0.0425714,6.4281e-09,-4.19922,-0.040004,-0.0145603,-4.19922,-0.040004,-0.0145603,0,-0.0425714,6.4281e-09,0,-0.0326116,-0.0273643,-4.19922,-0.0326116,-0.0273643,0,-0.0212857,-0.0368679,-4.19922,-0.0212857,-0.0368679,0,-0.00739251,-0.0419246,-4.19922,-0.00739251,-0.0419246,0,0.00739237,-0.0419246,-4.19922,0.00739237,-0.0419246,0,0.0212856,-0.0368679,-4.19922,0.0212856,-0.0368679,0,0.0326115,-0.0273644,-4.19922,0.0326115,-0.0273644,0,0.0400039,-0.0145603,-4.19922,0.0400039,-0.0145603,0,0.112855,0,-4.19922,0.106049,0.0385987,-4.19922,0.106049,0.0385987,0,0.112855,0,0,0.086452,0.0725419,-4.19922,0.086452,0.0725419,0,0.0564275,0.0977354,-4.19922,0.0564275,0.0977354,0,0.019597,0.111141,-4.19922,0.019597,0.111141,0,-0.0195971,0.111141,-4.19922,-0.0195971,0.111141,0,-0.0564276,0.0977354,-4.19922,-0.0564276,0.0977354,0,-0.0864521,0.0725419,-4.19922,-0.0864521,0.0725419,0,-0.106049,0.0385987,-4.19922,-0.106049,0.0385987,0,-0.112855,1.70407e-08,-4.19922,-0.112855,1.70407e-08,0,-0.112855,1.70407e-08,-4.19922,-0.106049,-0.0385987,-4.19922,-0.106049,-0.0385987,0,-0.112855,1.70407e-08,0,-0.0864521,-0.0725419,-4.19922,-0.0864521,-0.0725419,0,-0.0564277,-0.0977354,-4.19922,-0.0564277,-0.0977354,0,-0.0195972,-0.111141,-4.19922,-0.0195972,-0.111141,0,0.019597,-0.111141,-4.19922,0.019597,-0.111141,0,0.0564275,-0.0977355,-4.19922,0.0564275,-0.0977355,0,0.086452,-0.072542,-4.19922,0.086452,-0.072542,0,0.106049,-0.0385988,-4.19922,0.106049,-0.0385988,0,0.0757121,0,-4.19922,0.0711461,0.0258951,-4.19922,0.0711461,0.0258951,0,0.0757121,0,0,0.0579988,0.0486668,-4.19922,0.0579988,0.0486668,0,0.037856,0.0655687,-4.19922,0.037856,0.0655687,0,0.0131472,0.0745619,-4.19922,0.0131472,0.0745619,0,-0.0131473,0.0745619,-4.19922,-0.0131473,0.0745619,0,-0.0378561,0.0655687,-4.19922,-0.0378561,0.0655687,0,-0.0579989,0.0486668,-4.19922,-0.0579989,0.0486668,0,-0.0711462,0.0258951,-4.19922,-0.0711462,0.0258951,0,-0.0757122,1.14322e-08,-4.19922,-0.0757122,1.14322e-08,0,-0.0757122,1.14322e-08,-4.19922,-0.0711462,-0.0258951,-4.19922,-0.0711462,-0.0258951,0,-0.0757122,1.14322e-08,0,-0.0579989,-0.0486668,-4.19922,-0.0579989,-0.0486668,0,-0.0378562,-0.0655686,-4.19922,-0.0378562,-0.0655686,0,-0.0131474,-0.0745619,-4.19922,-0.0131474,-0.0745619,0,0.0131472,-0.0745619,-4.19922,0.0131472,-0.0745619,0,0.037856,-0.0655687,-4.19922,0.037856,-0.0655687,0,0.0579988,-0.0486669,-4.19922,0.0579988,-0.0486669,0,0.0711461,-0.0258951,-4.19922,0.0711461,-0.0258951,0,0.0425713,0,-4.19922,0.0400039,0.0145603,-4.19922,0.0400039,0.0145603,0,0.0425713,0,0,0.0326115,0.0273643,-4.19922,0.0326115,0.0273643,0,0.0212856,0.0368679,-4.19922,0.0212856,0.0368679,0,0.00739238,0.0419246,-4.19922,0.00739238,0.0419246,0,-0.00739249,0.0419246,-4.19922,-0.00739249,0.0419246,0,-0.0212857,0.0368679,-4.19922,-0.0212857,0.0368679,0,-0.0326116,0.0273643,-4.19922,-0.0326116,0.0273643,0,-0.040004,0.0145603,-4.19922,-0.040004,0.0145603,0,-0.0425714,6.4281e-09,-4.19922,-0.0425714,6.4281e-09,0,-0.0425714,6.4281e-09,-4.19922,-0.040004,-0.0145603,-4.19922,-0.040004,-0.0145603,0,-0.0425714,6.4281e-09,0,-0.0326116,-0.0273643,-4.19922,-0.0326116,-0.0273643,0,-0.0212857,-0.0368679,-4.19922,-0.0212857,-0.0368679,0,-0.00739251,-0.0419246,-4.19922,-0.00739251,-0.0419246,0,0.00739237,-0.0419246,-4.19922,0.00739237,-0.0419246,0,0.0212856,-0.0368679,-4.19922,0.0212856,-0.0368679,0,0.0326115,-0.0273644,-4.19922,0.0326115,-0.0273644,0,0.0400039,-0.0145603,-4.19922,0.0400039,-0.0145603,0]},"normal":{"type":"float32","components":3,