{"model":{"version":3,"nodes":[{"name":"RootNode","position":[0,0,0],"rotation":[0,0,0],"scale":[1,1,1],"scaleCompensation":false},{"name":"FFM-AVANT","position":[-1.86749,2.47141,0.579111],"rotation":[-90,-0,0],"scale":[1,1,1],"scaleCompensation":false}],"parents":[-1,0],"skins":[],"morphs":[],"vertices":[{"position":{"type":"float32","components":3,"data":[0.0134545,0.253421,0.415785,0.0134544,0.253639,0.414621,0.00384408,0.270719,0.417405,0.00384408,0.269278,0.424143,0.00384409,0.265311,0.429609,0.0134545,0.252607,0.417007,0.0134545,0.251424,0.417689,0.00384409,0.259352,0.433068,0.0134545,0.207651,0.431965,0.00384414,0.212307,0.448412,0.0134545,0.149276,0.446032,0.0134545,0.207651,0.431965,0.00384414,0.212307,0.448412,0.00384416,0.152623,0.462795,0.0134545,0.089929,0.455467,0.00384417,0.0919453,0.472441,0.0134545,0.0300229,0.460198,0.00384418,0.0306963,0.477278,2.16273e-08,0.0919453,0.472441,3.28623e-08,0.0306963,0.477278,0.00384418,0.0306963,0.477278,0.00384417,0.0919453,0.472441,8.98797e-09,0.152623,0.462795,2.16273e-08,0.0919453,0.472441,0.00384417,0.0919453,0.472441,0.00384416,0.152623,0.462795,-4.77486e-09,0.212307,0.448412,8.98797e-09,0.152623,0.462795,0.00384416,0.152623,0.462795,0.00384414,0.212307,0.448412,-5.61748e-08,0.259352,0.433068,-4.77486e-09,0.212307,0.448412,0.00384414,0.212307,0.448412,0.00384409,0.259352,0.433068,-6.37584e-08,0.265311,0.429609,-5.61748e-08,0.259352,0.433068,0.00384409,0.259352,0.433068,0.00384409,0.265311,0.429609,-6.90951e-08,0.269278,0.424143,-6.37584e-08,0.265311,0.429609,0.00384409,0.265311,0.429609,0.00384408,0.269278,0.424143,-7.38699e-08,0.270719,0.417405,-6.90951e-08,0.269278,0.424143,0.00384408,0.269278,0.424143,0.00384408,0.270719,0.417405,0.0134545,-0.253421,0.415785,0.00384417,-0.269278,0.424143,0.00384416,-0.270719,0.417405,0.0134545,-0.253639,0.414621,0.0134545,-0.252607,0.417007,0.00384417,-0.265311,0.429609,0.0134545,-0.251424,0.417689,0.00384418,-0.259352,0.433068,0.0134546,-0.207651,0.431965,0.00384421,-0.212307,0.448412,0.0134546,-0.149276,0.446032,0.00384421,-0.152623,0.462795,0.00384421,-0.212307,0.448412,0.0134546,-0.207651,0.431965,0.0134546,-0.089929,0.455467,0.0038442,-0.0919454,0.472441,0.0134546,-0.030023,0.460198,0.00384419,-0.0306964,0.477278,5.16808e-08,-0.0919454,0.472441,0.0038442,-0.0919454,0.472441,0.00384419,-0.0306964,0.477278,4.29737e-08,-0.0306963,0.477278,5.87027e-08,-0.152623,0.462795,0.00384421,-0.152623,0.462795,0.0038442,-0.0919454,0.472441,5.16808e-08,-0.0919454,0.472441,6.43202e-08,-0.212307,0.448412,0.00384421,-0.212307,0.448412,0.00384421,-0.152623,0.462795,5.87027e-08,-0.152623,0.462795,2.83683e-08,-0.259352,0.433068,0.00384418,-0.259352,0.433068,0.00384421,-0.212307,0.448412,6.43202e-08,-0.212307,0.448412,2.24699e-08,-0.265311,0.429609,0.00384417,-0.265311,0.429609,0.00384418,-0.259352,0.433068,2.83683e-08,-0.259352,0.433068,1.85377e-08,-0.269278,0.424143,0.00384417,-0.269278,0.424143,0.00384417,-0.265311,0.429609,2.24699e-08,-0.265311,0.429609,1.40437e-08,-0.270719,0.417405,0.00384416,-0.270719,0.417405,0.00384417,-0.269278,0.424143,1.85377e-08,-0.269278,0.424143,0.00384393,-0.270719,-0.417405,0.00384416,-0.270719,0.417405,1.40437e-08,-0.270719,0.417405,-2.21329e-07,-0.270719,-0.417405,0.00384393,-0.270719,-0.417405,0.0134543,-0.253639,-0.414621,4.29737e-08,-0.0306963,0.477278,0.00384419,-0.0306964,0.477278,0.00384418,0.0306963,0.477278,3.28623e-08,0.0306963,0.477278,0.0134542,0.253421,-0.415785,0.00384384,0.269278,-0.424143,0.00384384,0.270719,-0.417405,0.0134542,0.253639,-0.414621,0.0134542,0.252607,-0.417007,0.00384384,0.265311,-0.429609,0.0134542,0.251424,-0.417689,0.00384385,0.259352,-0.433068,0.0134543,0.207651,-0.431965,0.00384389,0.212307,-0.448412,0.0134543,0.149276,-0.446032,0.0038439,0.152623,-0.462795,0.00384389,0.212307,-0.448412,0.0134543,0.207651,-0.431965,0.0134543,0.0899289,-0.455467,0.0038439,0.0919453,-0.472441,0.0134543,0.0300229,-0.460198,0.00384391,0.0306963,-0.477278,-2.44922e-07,0.0919453,-0.472441,0.0038439,0.0919453,-0.472441,0.00384391,0.0306963,-0.477278,-2.36215e-07,0.0306962,-0.477278,-2.52225e-07,0.152623,-0.462795,0.0038439,0.152623,-0.462795,0.0038439,0.0919453,-0.472441,-2.44922e-07,0.0919453,-0.472441,-2.57843e-07,0.212307,-0.448412,0.00384389,0.212307,-0.448412,0.0038439,0.152623,-0.462795,-2.52225e-07,0.152623,-0.462795,-3.00535e-07,0.259352,-0.433068,0.00384385,0.259352,-0.433068,0.00384389,0.212307,-0.448412,-2.57843e-07,0.212307,-0.448412,-3.06434e-07,0.265311,-0.429609,0.00384384,0.265311,-0.429609,0.00384385,0.259352,-0.433068,-3.00535e-07,0.259352,-0.433068,-3.084e-07,0.269278,-0.424143,0.00384384,0.269278,-0.424143,0.00384384,0.265311,-0.429609,-3.06434e-07,0.265311,-0.429609,-3.09523e-07,0.270719,-0.417405,0.00384384,0.270719,-0.417405,0.00384384,0.269278,-0.424143,-3.084e-07,0.269278,-0.424143,0.00384408,0.270719,0.417405,0.00384384,0.270719,-0.417405,-3.09523e-07,0.270719,-0.417405,-7.38699e-08,0.270719,0.417405,0.0134543,-0.253421,-0.415785,0.00384393,-0.269278,-0.424143,0.00384393,-0.265311,-0.429609,0.0134543,-0.252607,-0.417007,0.0134543,-0.251424,-0.417689,0.00384393,-0.259352,-0.433068,0.0134543,-0.207651,-0.431965,0.00384396,-0.212307,-0.448412,0.0134543,-0.149277,-0.446032,0.0134543,-0.207651,-0.431965,0.00384396,-0.212307,-0.448412,0.00384395,-0.152623,-0.462795,0.0134543,-0.0899291,-0.455467,0.00384393,-0.0919454,-0.472441,0.0134543,-0.030023,-0.460198,0.00384392,-0.0306964,-0.477278,-2.14869e-07,-0.0919454,-0.472441,-2.26385e-07,-0.0306964,-0.477278,0.00384392,-0.0306964,-0.477278,0.00384393,-0.0919454,-0.472441,-2.0251e-07,-0.152623,-0.462795,-2.14869e-07,-0.0919454,-0.472441,0.00384393,-0.0919454,-0.472441,0.00384395,-0.152623,-0.462795,-1.88467e-07,-0.212307,-0.448412,-2.0251e-07,-0.152623,-0.462795,0.00384395,-0.152623,-0.462795,0.00384396,-0.212307,-0.448412,-2.15992e-07,-0.259352,-0.433068,-1.88467e-07,-0.212307,-0.448412,0.00384396,-0.212307,-0.448412,0.00384393,-0.259352,-0.433068,-2.19924e-07,-0.265311,-0.429609,-2.15992e-07,-0.259352,-0.433068,0.00384393,-0.259352,-0.433068,0.00384393,-0.265311,-0.429609,-2.20767e-07,-0.269278,-0.424143,-2.19924e-07,-0.265311,-0.429609,0.00384393,-0.265311,-0.429609,0.00384393,-0.269278,-0.424143,-2.21329e-07,-0.270719,-0.417405,-2.20767e-07,-0.269278,-0.424143,0.00384393,-0.269278,-0.424143,0.00384393,-0.270719,-0.417405,0.0134544,0.253639,0.414621,0.0134545,0.253421,0.415785,0.0134545,0.252607,0.417007,0.0134545,0.251424,0.417689,0.0134545,0.207651,0.431965,0.0134545,0.149276,0.446032,0.0134545,0.089929,0.455467,0.0134545,0.0300229,0.460198,0.0134545,-0.253421,0.415785,0.0134545,-0.253639,0.414621,0.0134543,-0.253639,-0.414621,0.0134545,-0.252607,0.417007,0.0134545,-0.251424,0.417689,0.0134546,-0.207651,0.431965,0.0134546,-0.149276,0.446032,0.0134546,-0.089929,0.455467,0.0134546,-0.030023,0.460198,0.0134543,-0.253421,-0.415785,0.0134543,-0.252607,-0.417007,0.0134543,-0.251424,-0.417689,0.0134543,-0.207651,-0.431965,0.0134543,-0.149277,-0.446032,0.0134543,-0.0899291,-0.455467,0.0134543,-0.030023,-0.460198,0.0134543,0.0300229,-0.460198,0.0134543,0.0899289,-0.455467,0.0134543,0.149276,-0.446032,0.0134543,0.207651,-0.431965,0.0134542,0.251424,-0.417689,0.0134542,0.252607,-0.417007,0.0134542,0.253421,-0.415785,0.0134542,0.253639,-0.414621,0.00384391,0.0306963,-0.477278,0.00384392,-0.0306964,-0.477278,-2.26385e-07,-0.0306964,-0.477278,-2.36215e-07,0.0306962,-0.477278]},"normal":{"type":"float32","components":3,