{"model":{"version":3,"nodes":[{"name":"RootNode","position":[0,0,0],"rotation":[0,0,0],"scale":[1,1,1],"scaleCompensation":false},{"name":"Shower_Windows","position":[0,0,0],"rotation":[-90,-0,0],"scale":[1,1,1],"scaleCompensation":false}],"parents":[-1,0],"skins":[],"morphs":[],"vertices":[{"position":{"type":"float32","components":3,"data":[-1.80477,-3.13282,4.29733,1.07047,-3.13282,0.100675,1.07047,-3.13282,4.29733,-1.80477,-3.13282,0.100675,1.07047,-0.238742,4.29733,1.07047,-1.67162,0.100675,1.07047,-0.238742,0.100675,1.07047,-1.67162,4.29733,1.07047,-3.13282,0.100675,1.07047,-3.13282,4.29733,1.07047,1.19414,4.29733,1.07047,1.19414,0.100675,1.04926,-3.11161,4.29733,1.04926,-3.11161,0.100675,-1.80477,-3.10282,4.29733,-1.80477,-3.10282,0.100675,1.04047,-0.238742,4.29733,1.04047,-1.67162,0.100675,1.04047,-1.67162,4.29733,1.04047,-0.238742,0.100675,1.04047,-1.67162,4.29733,1.04926,-3.11161,0.100675,1.04926,-3.11161,4.29733,1.04047,-1.67162,0.100675,1.04047,1.19414,4.29733,1.04047,1.19414,0.100675,1.04926,-3.11161,4.29733,-1.80477,-3.10282,4.29733,-1.80477,-3.13282,4.29733,1.07047,-3.13282,4.29733,-1.80477,-3.10282,4.29733,-1.80477,-3.13282,0.100675,-1.80477,-3.13282,4.29733,-1.80477,-3.10282,0.100675,-1.80477,-3.13282,0.100675,1.04926,-3.11161,0.100675,1.07047,-3.13282,0.100675,-1.80477,-3.10282,0.100675,1.04047,-1.67162,0.100675,1.07047,-0.238742,0.100675,1.07047,-1.67162,0.100675,1.04047,-0.238742,0.100675,1.04047,-0.238742,4.29733,1.07047,-1.67162,4.29733,1.07047,-0.238742,4.29733,1.04047,-1.67162,4.29733,1.04047,1.19414,0.100675,1.04047,1.19414,4.29733,1.07047,1.19414,4.29733,1.07047,1.19414,0.100675,1.04047,1.19414,4.29733,1.07047,1.19414,4.29733,1.07047,1.19414,0.100675,1.04047,1.19414,0.100675]},"normal":{"type":"float32","components":3,"data":[0,-0.707107,0.707107,0,-0.707107,-0.707107,0,-0.707107,0.707107,0,-0.707107,-0.707107,1,0,0,1,0,0,1,0,0,1,0,0,1,0,0,1,0,0,1,0,0,1,0,0,0.00307859,0.999995,0,0.00307859,0.999995,0,0.00307859,0.999995,0,0.00307859,0.999995,0,-1,0,0,-1,0,0,-1,0,0,-1,0,0,-0.999981,-0.0061018,-1.5411e-10,-0.999981,-0.0061018,-1.5411e-10,-0.999981,-0.0061018,-1.5411e-10,-0.999981,-0.0061018,-1.5411e-10,-1,0,0,-1,0,0,0,0,1,0,0,1,0,-0.707107,0.707107,0,-0.707107,0.707107,-1,0,0,-1,0,0,-1,0,0,-1,0,0,0,-0.707107,-0.707107,0,0,-1,0,-0.707107,-0.707107,0,0,-1,0,0,-1,0,0,-1,0,0,-1,0,0,-1,0,0,1,0,0,1,0,0,1,0,0,1,0,1,0,0,1,0,0,1,0,0,1,0,0,0,1,0,0,1,0,0,-1,0,0,-1]},"texCoord0":{"type":"float32","components":2,"data":[0.178323,0.849072,-2.15466e-05,4.42621e-05,-2.15466e-05,0.849072,0.178323,4.42621e-05,0.724562,0.849102,0.449124,0,0.724562,0,0.449124,0.849102,0.178324,0,0.178324,0.849102,1,0.849102,1,0,0.178324,0.849102,0.178324,0,0,0.849102,-5.96046e-08,0,0.724562,0.849102,0.449124,0,0.449124,0.849102,0.724562,0,0.449124,0.849102,0.178324,0,0.178324,0.849102,0.449124,0,1,0.849102,1,0,0.602459,1.9,0.995795,1.9,1,1.9,0.602468,1.9,0.995795,1.9,1,1.06355,1,1.9,0.995795,1.06355,1,1.06355,0.602459,1.06355,0.602468,1.06355,0.995795,1.06355,0.405837,1.06355,0.200823,1.06355,0.401646,1.06355,0.205014,1.06355,0.205014,1.9,0.401646,1.9,0.200823,1.9,0.405837,1.9,0.00419158,1.06355,0.00419158,1.9,0,1.9,0,1.06355,0.00419158,1.9,0,1.9,0,1.06355,0.00419158,1.06355]},"texCoord1":{"type":"float32","components":2,"data":[0.720734,0.109442,0.728106,0.098491,0.728106,0.109442,0.720734,0.098491,0.659565,0.442612,0.655853,0.43166,0.659565,0.43166,0.655853,0.442612,0.65214,0.43166,0.65214,0.442612,0.663278,0.442612,0.663278,0.43166,0.00539955,0.922767,0.00539955,0.911816,0.0127166,0.922767,0.0127166,0.911816,0.650953,0.550402,0.654666,0.53945,0.654666,0.550402,0.650953,0.53945,0.654666,0.550402,0.658323,0.53945,0.658323,0.550402,0.654666,0.53945,0.647241,0.550402,0.647241,0.53945,0.502672,0.49051,0.495354,0.490533,0.495354,0.490455,0.502726,0.490455,0.157286,0.137687,0.168237,0.137765,0.157286,0.137765,0.168237,0.137687,0.301845,0.397363,0.294528,0.397418,0.294473,0.397363,0.301845,0.397441,0.294551,0.401076,0.294473,0.404789,0.294473,0.401076,0.294551,0.404789,0.502649,0.49788,0.502726,0.494168,0.502726,0.49788,0.502649,0.494168,0.13394,0.132866,0.122989,0.132866,0.122989,0.132788,0.13394,0.132788,0.502649,0.501593,0.502726,0.501593,0.294473,0.408501,0.294551,0.408501]}}],"meshes":[{"aabb":{"min":[-1.80477,-3.13282,0.100675],"max":[1.07047,1.19414,4.29733]},"vertices":0,"indices":[0,1,2,1,0,3,4,5,6,5,4,7,7,8,5,8,7,9,10,6,11,6,10,4,12,13,14,14,13,15,16,17,18,17,16,19,20,21,22,21,20,23,24,19,16,19,24,25,26,27,28,28,29,26,30,31,32,31,30,33,34,35,36,35,34,37,38,39,40,39,38,41,42,43,44,43,42,45,40,36,35,40,35,38,43,26,29,26,43,45,46,47,48,48,49,46,50,44,51,44,50,42,41,52,39,52,41,53],"type":"triangles","base":0,"count":108}],"meshInstances":[{"node":1,"mesh":0}]}}