{"model":{"version":3,"nodes":[{"name":"RootNode","position":[0,0,0],"rotation":[0,0,0],"scale":[1,1,1],"scaleCompensation":false},{"name":"MT_Modern_02","position":[-1.85947,2.10799,2.31357],"rotation":[9.33467e-06,90,0],"scale":[1.8514,1.8514,1.8514],"scaleCompensation":false},{"name":"MT_Modern_01","position":[-1.84484,2.10799,2.31357],"rotation":[9.33467e-06,90,0],"scale":[1.8514,1.8514,1.8514],"scaleCompensation":false}],"parents":[-1,0,0],"skins":[],"morphs":[],"vertices":[{"position":{"type":"float32","components":3,"data":[0.047625,-0.047625,-9.31323e-10,-0.0385783,-0.0385783,-9.31323e-10,-0.047625,-0.047625,-9.31323e-10,0.0385783,-0.0385783,-9.31323e-10,0.047625,0.047625,-9.31323e-10,0.0385783,0.0385783,-9.31323e-10,-0.047625,0.047625,-9.31323e-10,-0.0385783,0.0385783,-9.31323e-10,0.047625,-0.047625,-9.31323e-10,-0.047625,-0.047625,-9.31323e-10,-0.047625,-0.047625,-0.00790236,0.047625,-0.047625,-0.00790236,0.047625,0.047625,-9.31323e-10,0.047625,-0.047625,-9.31323e-10,0.047625,-0.047625,-0.00790236,0.047625,0.047625,-0.00790236,-0.047625,0.047625,-9.31323e-10,0.047625,0.047625,-9.31323e-10,0.047625,0.047625,-0.00790236,-0.047625,0.047625,-0.00790236,-0.047625,-0.047625,-9.31323e-10,-0.047625,0.047625,-9.31323e-10,-0.047625,0.047625,-0.00790236,-0.047625,-0.047625,-0.00790236,0.036625,-0.036625,0.00790236,-0.036625,-0.036625,0.00790236,-0.0385783,-0.0385783,0.00790236,0.0385783,-0.0385783,0.00790236,0.0385783,-0.0385783,0.00790236,0.0385783,0.0385783,0.00790236,0.036625,0.036625,0.00790236,0.036625,-0.036625,0.00790236,0.0385783,0.0385783,0.00790236,-0.0385783,0.0385783,0.00790236,-0.036625,0.036625,0.00790236,0.036625,0.036625,0.00790236,-0.0385783,0.0385783,0.00790236,-0.036625,-0.036625,0.00790236,-0.036625,0.036625,0.00790236,-0.0385783,-0.0385783,0.00790236,0.0385783,-0.0385783,0.00790236,-0.0385783,-0.0385783,0.00790236,-0.0385783,-0.0385783,-9.31323e-10,0.0385783,-0.0385783,-9.31323e-10,0.0385783,-0.0385783,0.00790236,0.0385783,0.0385783,-9.31323e-10,0.0385783,0.0385783,0.00790236,0.0385783,-0.0385783,-9.31323e-10,-0.0385783,0.0385783,0.00790236,0.0385783,0.0385783,0.00790236,0.0385783,0.0385783,-9.31323e-10,-0.0385783,0.0385783,-9.31323e-10,-0.0385783,-0.0385783,0.00790236,-0.0385783,0.0385783,0.00790236,-0.0385783,0.0385783,-9.31323e-10,-0.0385783,-0.0385783,-9.31323e-10]},"normal":{"type":"float32","components":3,"data":[0,0,1,0,0,1,0,0,1,0,0,1,0,0,1,0,0,1,0,0,1,0,0,1,0,-1,0,0,-1,0,0,-1,0,0,-1,0,1,0,0,1,0,0,1,0,0,1,0,0,0,1,0,0,1,0,0,1,0,0,1,0,-1,0,0,-1,0,0,-1,0,0,-1,0,0,0,0,1,0,0,1,0,0,1,0,0,1,-4.76804e-07,-1.23841e-08,1,-4.76804e-07,-1.23841e-08,1,-4.76804e-07,-1.23841e-08,1,-4.76804e-07,-1.23841e-08,1,0,-9.53607e-07,1,0,-9.53607e-07,1,0,-9.53607e-07,1,0,-9.53607e-07,1,4.76804e-07,-1.23841e-08,1,4.76804e-07,-1.23841e-08,1,4.76804e-07,-1.23841e-08,1,4.76804e-07,-1.23841e-08,1,0,-1,0,0,-1,0,0,-1,0,0,-1,0,1,0,0,1,0,0,1,0,0,1,0,0,0,1,0,0,1,0,0,1,0,0,1,0,-1,0,0,-1,0,0,-1,0,0,-1,0,0]},"texCoord0":{"type":"float32","components":2,"data":[0.551963,0.0005,0.0528773,0.0528773,0.0005,0.0005,0.499586,0.0528773,0.551963,0.551963,0.499586,0.499586,0.0005,0.551963,0.0528773,0.499586,0.552377,0.551963,0.552377,0.0005,0.598129,0.0005,0.598129,0.551963,0.692118,0.551963,0.692118,0.0005,0.73787,0.0005,0.73787,0.551963,0.598958,0.551963,0.598958,0.0005,0.644709,0.0005,0.644709,0.551963,0.645538,0.551963,0.645538,0.0005,0.69129,0.0005,0.69129,0.551963,0.4359,0.563686,0.0118087,0.563686,0.0005,0.552377,0.447208,0.552377,0.447208,0.552377,0.447208,0.999086,0.4359,0.987777,0.4359,0.563686,0.447208,0.999086,0.0005,0.999086,0.0118087,0.987777,0.4359,0.987777,0.0005,0.999086,0.0118087,0.563686,0.0118087,0.987777,0.0005,0.552377,0.552377,0.9995,0.552377,0.552792,0.598129,0.552792,0.598129,0.9995,0.447623,0.552377,0.493374,0.999086,0.447623,0.999086,0.493374,0.552377,0.738698,0.447208,0.738698,0.0005,0.78445,0.0005,0.78445,0.447208,0.494203,0.999086,0.494203,0.552377,0.539955,0.552377,0.539955,0.999086]}},{"position":{"type":"float32","components":3,"data":[0.036625,0.036625,-4.99999e-05,-0.036625,0.036625,-4.99999e-05,-0.036625,-0.036625,-4.99999e-05,0.036625,-0.036625,-4.99999e-05]},"normal":{"type":"float32","components":3,"data":[0,0,1,0,0,1,0,0,1,0,0,1]},"texCoord0":{"type":"float32","components":2,"data":[1,1,0,1,0,0,1,0]},"texCoord1":{"type":"float32","components":2,"data":[0.289298,0.801941,0.289131,0.801941,0.289131,0.801774,0.289298,0.801774]}}],"meshes":[{"aabb":{"min":[-0.047625,-0.047625,-0.00790236],"max":[0.047625,0.047625,0.00790236]},"vertices":0,"indices":[0,1,2,1,0,3,3,4,5,0,4,3,5,6,7,4,6,5,6,2,7,7,2,1,8,9,10,8,10,11,12,13,14,12,14,15,16,17,18,16,18,19,20,21,22,20,22,23,24,25,26,24,26,27,28,29,30,28,30,31,32,33,34,32,34,35,36,37,38,36,39,37,40,41,42,40,42,43,44,45,46,45,44,47,48,49,50,48,50,51,52,53,54,52,54,55],"type":"triangles","base":0,"count":96},{"aabb":{"min":[-0.036625,-0.036625,-4.99999e-05],"max":[0.036625,0.036625,-4.99999e-05]},"vertices":1,"indices":[0,1,2,0,2,3],"type":"triangles","base":0,"count":6}],"meshInstances":[{"node":1,"mesh":0},{"node":2,"mesh":1}]}}