{"model":{"version":3,"nodes":[{"name":"RootNode","position":[0,0,0],"rotation":[0,0,0],"scale":[1,1,1],"scaleCompensation":false},{"name":"FFM-RHOMBUS","position":[-1.86749,2.47141,0.579111],"rotation":[-90,-0,0],"scale":[1,1,1],"scaleCompensation":false}],"parents":[-1,0],"skins":[],"morphs":[],"vertices":[{"position":{"type":"float32","components":3,"data":[-2.32693e-08,0.335832,0.359535,-2.18179e-08,0.334384,0.363843,0.0108458,0.334384,0.363843,0.0108458,0.335832,0.359535,-2.03339e-08,0.330582,0.366908,0.0108458,0.330582,0.366908,-1.91339e-08,0.325238,0.368075,0.0108458,0.325238,0.368075,8.6842e-08,-0.325238,0.368075,0.0108459,-0.325238,0.368075,8.73835e-08,-0.330582,0.366908,0.0108459,-0.330582,0.366908,8.71382e-08,-0.334384,0.363843,0.0108459,-0.334384,0.363843,8.61586e-08,-0.335832,0.359535,0.0108459,-0.335832,0.359535,-1.16713e-07,-0.335832,-0.359535,0.0108457,-0.335832,-0.359535,-1.18164e-07,-0.334384,-0.363843,0.0108457,-0.334384,-0.363843,-1.19648e-07,-0.330582,-0.366908,0.0108457,-0.330582,-0.366908,-1.20848e-07,-0.325238,-0.368075,0.0108457,-0.325238,-0.368075,-2.26824e-07,0.325238,-0.368075,0.0108456,0.325238,-0.368075,-2.27365e-07,0.330582,-0.366908,0.0108456,0.330582,-0.366908,-2.2712e-07,0.334384,-0.363843,0.0108456,0.334384,-0.363843,-2.2614e-07,0.335832,-0.359535,0.0108456,0.335832,-0.359535,0.0108459,-0.330582,0.366908,0.0108459,-0.334384,0.363843,0.0108459,-0.335832,0.359535,0.0108456,0.330582,-0.366908,0.0108456,0.334384,-0.363843,0.0108456,0.335832,-0.359535,0.0108456,0.325238,-0.368075,0.0108457,-0.325238,-0.368075,0.0108458,0.335832,0.359535,0.0108457,-0.330582,-0.366908,0.0108457,-0.334384,-0.363843,0.0108457,-0.335832,-0.359535,0.0108458,0.334384,0.363843,0.0108458,0.330582,0.366908,0.0108458,0.325238,0.368075,0.0108459,-0.325238,0.368075]},"normal":{"type":"float32","components":3,"data":[-1.31909e-07,0.994299,0.106625,-2.82751e-08,0.906115,0.423032,0,0.906115,0.423032,-1.54404e-07,0.994299,0.106625,1.34066e-07,0.583475,0.812131,1.54404e-07,0.583475,0.812131,2.51839e-07,0.162819,0.986656,1.54404e-07,0.162819,0.986656,3.04894e-07,-0.16282,0.986656,1.54405e-07,-0.16282,0.986656,3.24187e-07,-0.583475,0.812131,3.08808e-07,-0.583475,0.812131,2.66975e-07,-0.906115,0.423032,1.54404e-07,-0.906115,0.423032,1.92071e-07,-0.9943,0.10662,3.08807e-07,-0.9943,0.10662,1.31908e-07,-0.994299,-0.106625,1.54404e-07,-0.994299,-0.106625,2.82757e-08,-0.906115,-0.423032,0,-0.906115,-0.423032,-1.34067e-07,-0.583475,-0.812131,-3.08808e-07,-0.583475,-0.812131,-2.5184e-07,-0.162819,-0.986656,-1.54404e-07,-0.162819,-0.986656,-3.04892e-07,0.16282,-0.986656,-1.54405e-07,0.16282,-0.986656,-3.24186e-07,0.583475,-0.812131,-4.63212e-07,0.583475,-0.812131,-2.66972e-07,0.906115,-0.423032,-1.54404e-07,0.906115,-0.423032,-1.92071e-07,0.9943,-0.10662,-1.54404e-07,0.9943,-0.10662,1,0,0,1,0,0,1,0,0,1,0,0,1,0,0,1,0,0,1,0,0,1,0,0,1,0,0,1,0,0,1,0,0,1,0,0,1,0,0,1,0,0,1,0,0,1,0,0]}}],"meshes":[{"aabb":{"min":[-2.27365e-07,-0.335832,-0.368075],"max":[0.0108459,0.335832,0.368075]},"vertices":0,"indices":[0,1,2,2,3,0,1,4,5,5,2,1,4,6,7,7,5,4,6,8,9,9,7,6,8,10,11,11,9,8,10,12,13,13,11,10,12,14,15,15,13,12,14,16,17,17,15,14,16,18,19,19,17,16,18,20,21,21,19,18,20,22,23,23,21,20,22,24,25,25,23,22,24,26,27,27,25,24,26,28,29,29,27,26,28,30,31,31,29,28,30,0,3,3,31,30,32,33,34,35,36,37,38,35,37,39,38,37,39,37,40,41,39,40,42,41,40,43,42,40,34,43,40,34,40,44,34,44,45,34,45,46,34,46,47,32,34,47],"type":"triangles","base":0,"count":138}],"meshInstances":[{"node":1,"mesh":0}]}}