{"model":{"version":3,"nodes":[{"name":"RootNode","position":[0,0,0],"rotation":[0,0,0],"scale":[1,1,1],"scaleCompensation":false},{"name":"FFM-ECLIPSE","position":[-1.86749,2.47141,0.579111],"rotation":[-90,-0,0],"scale":[1,1,1],"scaleCompensation":false}],"parents":[-1,0],"skins":[],"morphs":[],"vertices":[{"position":{"type":"float32","components":3,"data":[0.0108459,-0.355558,-0.419814,0.00341642,-0.385125,-0.431865,0.00341641,-0.383824,-0.441011,0.0108459,-0.354729,-0.426228,0.0108457,0.355557,-0.419814,0.00341629,0.385124,-0.431865,0.00341636,0.357829,-0.293561,0.0108458,0.331143,-0.296106,0.0108457,0.350219,-0.431332,0.0108457,0.342971,-0.434059,0.00341628,0.367321,-0.452566,0.00341629,0.377489,-0.448376,0.00341629,0.383824,-0.441011,0.0108457,0.354729,-0.426229,0.0108459,-0.342971,-0.434059,0.0034164,-0.367321,-0.452566,0.00341637,-0.298639,-0.462365,0.0108458,-0.294869,-0.440921,0.00341641,-0.377489,-0.448376,0.0108459,-0.350221,-0.431331,0.00341648,-0.35783,-0.293561,0.0108459,-0.331143,-0.296107,0.00341635,-0.211639,-0.469853,0.0108458,-0.209431,-0.448275,0.00341634,-0.128679,-0.473766,0.0108458,-0.127147,-0.452156,0.0108458,-0.0421762,-0.455978,0.00341632,-0.0429251,-0.477623,0.00341631,0.0429245,-0.477623,0.0108458,0.0421767,-0.455978,0.0034163,0.128678,-0.473766,0.0108458,0.127144,-0.452156,0.0108457,0.209427,-0.448275,0.00341629,0.211639,-0.469853,0.00341627,0.298639,-0.462365,0.0108457,0.294868,-0.440921,0.0108459,0.316827,-0.148051,0.0034164,0.343656,-0.146988,0.0108459,0.313116,3.30308e-06,0.00341645,0.339972,3.03344e-07,0.0108459,0.316827,0.148047,0.00341649,0.343656,0.146988,0.010846,0.331144,0.296109,0.00341653,0.357829,0.293562,0.010846,0.355558,0.419814,0.00341654,0.384469,0.43119,0.00341654,0.383824,0.441011,0.010846,0.354729,0.426229,0.010846,0.355558,0.419814,0.00341654,0.384469,0.43119,0.010846,0.342972,0.434059,0.010846,0.350221,0.431332,0.00341654,0.377489,0.448377,0.00341654,0.367321,0.452566,0.010846,0.354729,0.426229,0.00341654,0.383824,0.441011,0.00341653,0.298639,0.462365,0.010846,0.294869,0.440922,0.00341655,0.211639,0.469853,0.010846,0.209427,0.448276,0.00341657,0.128678,0.473766,0.010846,0.127145,0.452157,0.00341658,0.0429245,0.477624,0.010846,0.0421756,0.455979,0.00341659,-0.0429251,0.477624,0.010846,-0.0421753,0.455979,0.00341661,-0.128679,0.473766,0.010846,-0.127147,0.452157,0.00341662,-0.211639,0.469853,0.0108461,-0.209428,0.448276,0.00341663,-0.298639,0.462365,0.0108461,-0.29487,0.440922,0.0108461,-0.355558,0.419815,0.0108461,-0.35473,0.426229,0.00341666,-0.383824,0.441011,0.00341666,-0.385125,0.431866,0.0108461,-0.350221,0.431332,0.00341666,-0.377489,0.448377,0.00341666,-0.367321,0.452566,0.0108461,-0.342972,0.434059,0.00341664,-0.35783,0.293562,0.0108461,-0.331143,0.296108,0.0034166,-0.343656,0.146988,0.010846,-0.316827,0.148048,0.00341656,-0.339973,3.4379e-07,0.010846,-0.313117,3.41543e-07,0.00341652,-0.343656,-0.146988,0.010846,-0.316827,-0.14805,0.0108458,-0.127147,-0.452156,0.0108458,-0.0421762,-0.455978,0.0108458,0.0421767,-0.455978,0.0108458,0.127144,-0.452156,0.0108457,0.209427,-0.448275,0.0108457,0.294868,-0.440921,0.0108457,0.342971,-0.434059,0.0108457,0.350219,-0.431332,0.0108457,0.354729,-0.426229,0.0108457,0.355557,-0.419814,0.0108458,0.331143,-0.296106,0.0108459,0.316827,-0.148051,0.0108459,0.313116,3.30308e-06,0.0108459,0.316827,0.148047,0.010846,0.331144,0.296109,0.010846,0.355558,0.419814,0.010846,0.354729,0.426229,0.010846,0.350221,0.431332,0.010846,0.342972,0.434059,0.010846,0.294869,0.440922,0.010846,0.209427,0.448276,0.010846,0.127145,0.452157,0.010846,0.0421756,0.455979,0.010846,-0.0421753,0.455979,0.010846,-0.127147,0.452157,0.0108461,-0.209428,0.448276,0.0108461,-0.29487,0.440922,0.0108461,-0.342972,0.434059,0.0108461,-0.350221,0.431332,0.0108461,-0.35473,0.426229,0.0108461,-0.355558,0.419815,0.0108461,-0.331143,0.296108,0.0108459,-0.331143,-0.296107,0.0108459,-0.355558,-0.419814,0.0108459,-0.354729,-0.426228,0.0108459,-0.350221,-0.431331,0.0108459,-0.342971,-0.434059,0.0108458,-0.294869,-0.440921,0.010846,-0.316827,-0.14805,0.010846,-0.313117,3.41543e-07,0.010846,-0.316827,0.148048,0.0108458,-0.209431,-0.448275,6.92074e-07,-0.343656,-0.146988,6.53032e-07,-0.35783,-0.293561,0.00341648,-0.35783,-0.293561,0.00341652,-0.343656,-0.146988,6.53032e-07,-0.35783,-0.293561,5.95453e-07,-0.385125,-0.431865,0.00341642,-0.385125,-0.431865,0.00341648,-0.35783,-0.293561,7.32801e-07,-0.339973,3.4379e-07,6.92074e-07,-0.343656,-0.146988,0.00341652,-0.343656,-0.146988,0.00341656,-0.339973,3.4379e-07,7.74932e-07,-0.343656,0.146988,7.32801e-07,-0.339973,3.4379e-07,0.00341656,-0.339973,3.4379e-07,0.0034166,-0.343656,0.146988,8.18748e-07,-0.35783,0.293562,7.74932e-07,-0.343656,0.146988,0.0034166,-0.343656,0.146988,0.00341664,-0.35783,0.293562,8.38971e-07,-0.385125,0.431866,8.18748e-07,-0.35783,0.293562,0.00341664,-0.35783,0.293562,0.00341666,-0.385125,0.431866,5.95453e-07,-0.385125,-0.431865,5.90117e-07,-0.383824,-0.441011,0.00341641,-0.383824,-0.441011,0.00341642,-0.385125,-0.431865,5.90117e-07,-0.383824,-0.441011,5.83937e-07,-0.377489,-0.448376,0.00341641,-0.377489,-0.448376,0.00341641,-0.383824,-0.441011,5.83937e-07,-0.377489,-0.448376,5.77477e-07,-0.367321,-0.452565,0.0034164,-0.367321,-0.452566,0.00341641,-0.377489,-0.448376,5.77477e-07,-0.367321,-0.452565,5.44615e-07,-0.298639,-0.462365,0.00341637,-0.298639,-0.462365,0.0034164,-0.367321,-0.452566,5.44615e-07,-0.298639,-0.462365,5.28886e-07,-0.211639,-0.469853,0.00341635,-0.211639,-0.469853,0.00341637,-0.298639,-0.462365,5.28886e-07,-0.211639,-0.469853,5.15123e-07,-0.128679,-0.473766,0.00341634,-0.128679,-0.473766,0.00341635,-0.211639,-0.469853,5.15123e-07,-0.128679,-0.473766,4.99956e-07,-0.0429251,-0.477623,0.00341632,-0.0429251,-0.477623,0.00341634,-0.128679,-0.473766,4.99956e-07,-0.0429251,-0.477623,4.86193e-07,0.0429245,-0.477623,0.00341631,0.0429245,-0.477623,0.00341632,-0.0429251,-0.477623,4.86193e-07,0.0429245,-0.477623,4.73273e-07,0.128678,-0.473766,0.0034163,0.128678,-0.473766,0.00341631,0.0429245,-0.477623,4.73273e-07,0.128678,-0.473766,4.59791e-07,0.211639,-0.469853,0.00341629,0.211639,-0.469853,0.0034163,0.128678,-0.473766,4.59791e-07,0.211639,-0.469853,4.47433e-07,0.298639,-0.462365,0.00341627,0.298639,-0.462365,0.00341629,0.211639,-0.469853,4.47433e-07,0.298639,-0.462365,4.57825e-07,0.367321,-0.452566,0.00341628,0.367321,-0.452566,0.00341627,0.298639,-0.462365,4.57825e-07,0.367321,-0.452566,4.60915e-07,0.377489,-0.448376,0.00341629,0.377489,-0.448376,0.00341628,0.367321,-0.452566,4.60915e-07,0.377489,-0.448376,4.65128e-07,0.383824,-0.441011,0.00341629,0.383824,-0.441011,0.00341629,0.377489,-0.448376,4.65128e-07,0.383824,-0.441011,4.69903e-07,0.385124,-0.431865,0.00341629,0.385124,-0.431865,0.00341629,0.383824,-0.441011,8.38971e-07,-0.383824,0.441011,8.38971e-07,-0.385125,0.431866,0.00341666,-0.385125,0.431866,0.00341666,-0.383824,0.441011,8.37005e-07,-0.377489,0.448377,8.38971e-07,-0.383824,0.441011,0.00341666,-0.383824,0.441011,0.00341666,-0.377489,0.448377,8.33073e-07,-0.367321,0.452566,8.37005e-07,-0.377489,0.448377,0.00341666,-0.377489,0.448377,0.00341666,-0.367321,0.452566,8.06109e-07,-0.298639,0.462365,8.33073e-07,-0.367321,0.452566,0.00341666,-0.367321,0.452566,0.00341663,-0.298639,0.462365,7.94312e-07,-0.211639,0.469853,8.06109e-07,-0.298639,0.462365,0.00341663,-0.298639,0.462365,0.00341662,-0.211639,0.469853,7.82515e-07,-0.128679,0.473766,7.94312e-07,-0.211639,0.469853,0.00341662,-0.211639,0.469853,0.00341661,-0.128679,0.473766,7.69595e-07,-0.0429251,0.477624,7.82515e-07,-0.128679,0.473766,0.00341661,-0.128679,0.473766,0.00341659,-0.0429251,0.477624,7.55552e-07,0.0429245,0.477624,7.69595e-07,-0.0429251,0.477624,0.00341659,-0.0429251,0.477624,0.00341658,0.0429245,0.477624,7.40384e-07,0.128678,0.473766,7.55552e-07,0.0429245,0.477624,0.00341658,0.0429245,0.477624,0.00341657,0.128678,0.473766,7.25217e-07,0.211639,0.469853,7.40384e-07,0.128678,0.473766,0.00341657,0.128678,0.473766,0.00341655,0.211639,0.469853,7.08646e-07,0.298639,